[
	{
		"id": 77,
		"action": {
			"type": "block"
		},
		"condition": {
			"urlFilter": "-reclameplaatjes/",
			"isUrlFilterCaseSensitive": false
		}
	},
	{
		"id": 78,
		"action": {
			"type": "block"
		},
		"condition": {
			"urlFilter": "/adbron.",
			"isUrlFilterCaseSensitive": false
		}
	},
	{
		"id": 79,
		"action": {
			"type": "block"
		},
		"condition": {
			"urlFilter": "/adtwee/*",
			"isUrlFilterCaseSensitive": false
		}
	},
	{
		"id": 80,
		"action": {
			"type": "block"
		},
		"condition": {
			"urlFilter": "/adv_tekstlinks.",
			"isUrlFilterCaseSensitive": false
		}
	},
	{
		"id": 81,
		"action": {
			"type": "block"
		},
		"condition": {
			"urlFilter": "/adverteerders/*",
			"isUrlFilterCaseSensitive": false
		}
	},
	{
		"id": 82,
		"action": {
			"type": "block"
		},
		"condition": {
			"urlFilter": "/advertentie-banner-",
			"isUrlFilterCaseSensitive": false
		}
	},
	{
		"id": 83,
		"action": {
			"type": "block"
		},
		"condition": {
			"urlFilter": "/advertentie.",
			"excludedInitiatorDomains": [
				"anzeigen-aufgabe-alpha.de",
				"anzeigen-aufgabe-beta.de",
				"anzeigen-aufgabe-test.de",
				"rd.nl"
			],
			"isUrlFilterCaseSensitive": false
		}
	},
	{
		"id": 84,
		"action": {
			"type": "block"
		},
		"condition": {
			"urlFilter": "/advertentie/*",
			"excludedInitiatorDomains": [
				"anzeigen-aufgabe-alpha.de",
				"anzeigen-aufgabe-beta.de",
				"anzeigen-aufgabe-test.de",
				"rd.nl"
			],
			"isUrlFilterCaseSensitive": false
		}
	},
	{
		"id": 85,
		"action": {
			"type": "block"
		},
		"condition": {
			"urlFilter": "/advertentie1.",
			"isUrlFilterCaseSensitive": false
		}
	},
	{
		"id": 86,
		"action": {
			"type": "block"
		},
		"condition": {
			"urlFilter": "/advertentie2/*",
			"isUrlFilterCaseSensitive": false
		}
	},
	{
		"id": 87,
		"action": {
			"type": "block"
		},
		"condition": {
			"urlFilter": "/advertentie_head.",
			"isUrlFilterCaseSensitive": false
		}
	},
	{
		"id": 88,
		"action": {
			"type": "block"
		},
		"condition": {
			"urlFilter": "/advertentieblokje120x20.",
			"isUrlFilterCaseSensitive": false
		}
	},
	{
		"id": 89,
		"action": {
			"type": "block"
		},
		"condition": {
			"urlFilter": "/advertentieblokje300x20.",
			"isUrlFilterCaseSensitive": false
		}
	},
	{
		"id": 90,
		"action": {
			"type": "block"
		},
		"condition": {
			"urlFilter": "/advertenties.",
			"isUrlFilterCaseSensitive": false
		}
	},
	{
		"id": 91,
		"action": {
			"type": "block"
		},
		"condition": {
			"urlFilter": "/advertenties/*",
			"isUrlFilterCaseSensitive": false
		}
	},
	{
		"id": 92,
		"action": {
			"type": "block"
		},
		"condition": {
			"urlFilter": "/bannerlookup.",
			"isUrlFilterCaseSensitive": false
		}
	},
	{
		"id": 93,
		"action": {
			"type": "block"
		},
		"condition": {
			"urlFilter": "/big_reclames/*",
			"isUrlFilterCaseSensitive": false
		}
	},
	{
		"id": 94,
		"action": {
			"type": "block"
		},
		"condition": {
			"urlFilter": "/bolcom-partnerprogramma-wordpress-plugin/*",
			"isUrlFilterCaseSensitive": false
		}
	},
	{
		"id": 95,
		"action": {
			"type": "block"
		},
		"condition": {
			"urlFilter": "/img/recl/*",
			"isUrlFilterCaseSensitive": false
		}
	},
	{
		"id": 96,
		"action": {
			"type": "block"
		},
		"condition": {
			"urlFilter": "/mediahuis-ads/*",
			"isUrlFilterCaseSensitive": false
		}
	},
	{
		"id": 97,
		"action": {
			"type": "block"
		},
		"condition": {
			"urlFilter": "/nmc/adv/*",
			"isUrlFilterCaseSensitive": false
		}
	},
	{
		"id": 98,
		"action": {
			"type": "block"
		},
		"condition": {
			"urlFilter": "/pebble-adhese.",
			"isUrlFilterCaseSensitive": false
		}
	},
	{
		"id": 99,
		"action": {
			"type": "block"
		},
		"condition": {
			"urlFilter": "/prikbordAdvertentie_",
			"isUrlFilterCaseSensitive": false
		}
	},
	{
		"id": 100,
		"action": {
			"type": "block"
		},
		"condition": {
			"urlFilter": "/reclame-extra.",
			"isUrlFilterCaseSensitive": false
		}
	},
	{
		"id": 101,
		"action": {
			"type": "block"
		},
		"condition": {
			"urlFilter": "/reclame-nieuws.",
			"isUrlFilterCaseSensitive": false
		}
	},
	{
		"id": 102,
		"action": {
			"type": "block"
		},
		"condition": {
			"urlFilter": "/reclame2.",
			"isUrlFilterCaseSensitive": false
		}
	},
	{
		"id": 103,
		"action": {
			"type": "block"
		},
		"condition": {
			"urlFilter": "/reclamebanners/*",
			"isUrlFilterCaseSensitive": false
		}
	},
	{
		"id": 104,
		"action": {
			"type": "block"
		},
		"condition": {
			"urlFilter": "/small_reclames/*",
			"isUrlFilterCaseSensitive": false
		}
	},
	{
		"id": 105,
		"action": {
			"type": "block"
		},
		"condition": {
			"urlFilter": "/tekst_advertentie_",
			"isUrlFilterCaseSensitive": false
		}
	},
	{
		"id": 106,
		"action": {
			"type": "block"
		},
		"condition": {
			"urlFilter": "/topadvertentie.",
			"isUrlFilterCaseSensitive": false
		}
	},
	{
		"id": 107,
		"action": {
			"type": "block"
		},
		"condition": {
			"urlFilter": "://promotie.",
			"domainType": "thirdParty",
			"isUrlFilterCaseSensitive": false
		}
	},
	{
		"id": 108,
		"action": {
			"type": "block"
		},
		"condition": {
			"urlFilter": "_advertentie300x250_",
			"isUrlFilterCaseSensitive": false
		}
	},
	{
		"id": 109,
		"action": {
			"type": "block"
		},
		"condition": {
			"urlFilter": "_advertentieleaderboardhome.",
			"isUrlFilterCaseSensitive": false
		}
	},
	{
		"id": 110,
		"action": {
			"type": "block"
		},
		"condition": {
			"urlFilter": "||adrequest.net^",
			"domainType": "thirdParty",
			"isUrlFilterCaseSensitive": false
		}
	},
	{
		"id": 111,
		"action": {
			"type": "block"
		},
		"condition": {
			"urlFilter": "||adshim.com^",
			"domainType": "thirdParty",
			"isUrlFilterCaseSensitive": false
		}
	},
	{
		"id": 112,
		"action": {
			"type": "block"
		},
		"condition": {
			"urlFilter": "||affiliatepartners.com^",
			"domainType": "thirdParty",
			"isUrlFilterCaseSensitive": false
		}
	},
	{
		"id": 113,
		"action": {
			"type": "block"
		},
		"condition": {
			"urlFilter": "||affiliateprogramma.eu^",
			"domainType": "thirdParty",
			"isUrlFilterCaseSensitive": false
		}
	},
	{
		"id": 114,
		"action": {
			"type": "block"
		},
		"condition": {
			"urlFilter": "||believe-the-hype.be^",
			"domainType": "thirdParty",
			"isUrlFilterCaseSensitive": false
		}
	},
	{
		"id": 115,
		"action": {
			"type": "block"
		},
		"condition": {
			"urlFilter": "||botndm.nl^",
			"domainType": "thirdParty",
			"isUrlFilterCaseSensitive": false
		}
	},
	{
		"id": 116,
		"action": {
			"type": "block"
		},
		"condition": {
			"urlFilter": "||crnsgngrpj.nl^",
			"isUrlFilterCaseSensitive": false
		}
	},
	{
		"id": 117,
		"action": {
			"type": "block"
		},
		"condition": {
			"urlFilter": "||dntblckmpls.nl^",
			"isUrlFilterCaseSensitive": false
		}
	},
	{
		"id": 118,
		"action": {
			"type": "block"
		},
		"condition": {
			"urlFilter": "||ds1.nl^",
			"domainType": "thirdParty",
			"isUrlFilterCaseSensitive": false
		}
	},
	{
		"id": 119,
		"action": {
			"type": "block"
		},
		"condition": {
			"urlFilter": "||dt51.net^",
			"domainType": "thirdParty",
			"isUrlFilterCaseSensitive": false
		}
	},
	{
		"id": 120,
		"action": {
			"type": "block"
		},
		"condition": {
			"urlFilter": "||dt71.net^",
			"domainType": "thirdParty",
			"isUrlFilterCaseSensitive": false
		}
	},
	{
		"id": 121,
		"action": {
			"type": "block"
		},
		"condition": {
			"urlFilter": "||gratis-neuken.com^",
			"domainType": "thirdParty",
			"isUrlFilterCaseSensitive": false
		}
	},
	{
		"id": 122,
		"action": {
			"type": "block"
		},
		"condition": {
			"urlFilter": "||nojazz.eu^",
			"isUrlFilterCaseSensitive": false
		}
	},
	{
		"id": 123,
		"action": {
			"type": "block"
		},
		"condition": {
			"urlFilter": "||nonstoppartner.net^",
			"domainType": "thirdParty",
			"isUrlFilterCaseSensitive": false
		}
	},
	{
		"id": 124,
		"action": {
			"type": "block"
		},
		"condition": {
			"urlFilter": "||online-banners.nl^",
			"domainType": "thirdParty",
			"isUrlFilterCaseSensitive": false
		}
	},
	{
		"id": 125,
		"action": {
			"type": "block"
		},
		"condition": {
			"urlFilter": "||optoutadvertising.com^",
			"domainType": "thirdParty",
			"isUrlFilterCaseSensitive": false
		}
	},
	{
		"id": 126,
		"action": {
			"type": "block"
		},
		"condition": {
			"urlFilter": "||sponsorkliks.com^",
			"domainType": "thirdParty",
			"isUrlFilterCaseSensitive": false
		}
	},
	{
		"id": 127,
		"action": {
			"type": "block"
		},
		"condition": {
			"urlFilter": "||static-dscn.net^",
			"domainType": "thirdParty",
			"isUrlFilterCaseSensitive": false
		}
	},
	{
		"id": 128,
		"action": {
			"type": "block"
		},
		"condition": {
			"urlFilter": "||tools.islive.nl^",
			"domainType": "thirdParty",
			"isUrlFilterCaseSensitive": false
		}
	},
	{
		"id": 129,
		"action": {
			"type": "block"
		},
		"condition": {
			"urlFilter": "||travelads.be^",
			"domainType": "thirdParty",
			"isUrlFilterCaseSensitive": false
		}
	},
	{
		"id": 130,
		"action": {
			"type": "block"
		},
		"condition": {
			"urlFilter": "||viadata.store^",
			"isUrlFilterCaseSensitive": false
		}
	},
	{
		"id": 131,
		"action": {
			"type": "block"
		},
		"condition": {
			"urlFilter": "||vpscash.nl^",
			"domainType": "thirdParty",
			"isUrlFilterCaseSensitive": false
		}
	},
	{
		"id": 132,
		"action": {
			"type": "block"
		},
		"condition": {
			"urlFilter": "||xpartners.nl^",
			"domainType": "thirdParty",
			"isUrlFilterCaseSensitive": false
		}
	},
	{
		"id": 133,
		"action": {
			"type": "block"
		},
		"condition": {
			"urlFilter": ".nl/adurl/",
			"initiatorDomains": [
				"start-player.npo.nl"
			],
			"resourceTypes": [
				"xmlhttprequest"
			],
			"isUrlFilterCaseSensitive": false
		}
	},
	{
		"id": 134,
		"action": {
			"type": "block"
		},
		"condition": {
			"urlFilter": "||adcdn.ster.nl^",
			"domainType": "thirdParty",
			"isUrlFilterCaseSensitive": false
		}
	},
	{
		"id": 135,
		"action": {
			"type": "block"
		},
		"condition": {
			"urlFilter": "||advertising-cdn.dpgmedia.cloud^",
			"isUrlFilterCaseSensitive": false
		}
	},
	{
		"id": 136,
		"action": {
			"type": "block"
		},
		"condition": {
			"urlFilter": "||advertising-module.api.dpgmedia.cloud^",
			"isUrlFilterCaseSensitive": false
		}
	},
	{
		"id": 137,
		"action": {
			"type": "block"
		},
		"condition": {
			"urlFilter": "||bnpparibasmarkets.nl/widget/",
			"domainType": "thirdParty",
			"isUrlFilterCaseSensitive": false
		}
	},
	{
		"id": 138,
		"action": {
			"type": "block"
		},
		"condition": {
			"urlFilter": "||bol.com/nl/upload/banners/",
			"isUrlFilterCaseSensitive": false
		}
	},
	{
		"id": 139,
		"action": {
			"type": "block"
		},
		"condition": {
			"urlFilter": "||bol.com/nl/upload/partnerprogramma/",
			"isUrlFilterCaseSensitive": false
		}
	},
	{
		"id": 140,
		"action": {
			"type": "block"
		},
		"condition": {
			"urlFilter": "||centraal.helpmij.nl/images/nieuwsbrief/nod32-colofon.jpg",
			"isUrlFilterCaseSensitive": false
		}
	},
	{
		"id": 141,
		"action": {
			"type": "block"
		},
		"condition": {
			"urlFilter": "||cloudfront.net/-/media/6-parnerships/",
			"initiatorDomains": [
				"feyenoord.nl"
			],
			"isUrlFilterCaseSensitive": false
		}
	},
	{
		"id": 142,
		"action": {
			"type": "block"
		},
		"condition": {
			"urlFilter": "||cloudfront.net/Assets/images/partners/",
			"initiatorDomains": [
				"feyenoord.nl"
			],
			"isUrlFilterCaseSensitive": false
		}
	},
	{
		"id": 143,
		"action": {
			"type": "block"
		},
		"condition": {
			"urlFilter": "||cloudfront.net/banners/",
			"initiatorDomains": [
				"eredivisie.nl"
			],
			"isUrlFilterCaseSensitive": false
		}
	},
	{
		"id": 144,
		"action": {
			"type": "block"
		},
		"condition": {
			"urlFilter": "||feenstra-internetservices.nl/?_dnid=",
			"domainType": "thirdParty",
			"isUrlFilterCaseSensitive": false
		}
	},
	{
		"id": 145,
		"action": {
			"type": "block"
		},
		"condition": {
			"urlFilter": "||fx.nl/_ext/widget/",
			"domainType": "thirdParty",
			"isUrlFilterCaseSensitive": false
		}
	},
	{
		"id": 146,
		"action": {
			"type": "block"
		},
		"condition": {
			"urlFilter": "||infotalia.com/worktalia_promo_",
			"isUrlFilterCaseSensitive": false
		}
	},
	{
		"id": 147,
		"action": {
			"type": "block"
		},
		"condition": {
			"urlFilter": "||jobat.be/extra/trackuityhn/ticker_new.html",
			"domainType": "thirdParty",
			"isUrlFilterCaseSensitive": false
		}
	},
	{
		"id": 148,
		"action": {
			"type": "block"
		},
		"condition": {
			"urlFilter": "||mmcdn.nl/tags/",
			"isUrlFilterCaseSensitive": false
		}
	},
	{
		"id": 149,
		"action": {
			"type": "block"
		},
		"condition": {
			"urlFilter": "||ouders.nl/uploads/alt/",
			"initiatorDomains": [
				"viafora.nl"
			],
			"isUrlFilterCaseSensitive": false
		}
	},
	{
		"id": 150,
		"action": {
			"type": "block"
		},
		"condition": {
			"urlFilter": "||partner.bol.com^",
			"domainType": "thirdParty",
			"isUrlFilterCaseSensitive": false
		}
	},
	{
		"id": 151,
		"action": {
			"type": "block"
		},
		"condition": {
			"urlFilter": "||pexi.nl/dpos/widget-",
			"initiatorDomains": [
				"intermediair.nl"
			],
			"isUrlFilterCaseSensitive": false
		}
	},
	{
		"id": 152,
		"action": {
			"type": "block"
		},
		"condition": {
			"urlFilter": "||pornokartel.nl^",
			"domainType": "thirdParty",
			"resourceTypes": [
				"image"
			],
			"isUrlFilterCaseSensitive": false
		}
	},
	{
		"id": 153,
		"action": {
			"type": "block"
		},
		"condition": {
			"urlFilter": "||pubble.nl/Content.svc/getAdCollection?",
			"isUrlFilterCaseSensitive": false
		}
	},
	{
		"id": 154,
		"action": {
			"type": "block"
		},
		"condition": {
			"urlFilter": "||recreatief.nl/kerstarrangementen.gif",
			"isUrlFilterCaseSensitive": false
		}
	},
	{
		"id": 155,
		"action": {
			"type": "block"
		},
		"condition": {
			"urlFilter": "||search-result.com^*/klokad2.js",
			"isUrlFilterCaseSensitive": false
		}
	},
	{
		"id": 156,
		"action": {
			"type": "block"
		},
		"condition": {
			"urlFilter": "||seks.com/img/bnr.gif",
			"isUrlFilterCaseSensitive": false
		}
	},
	{
		"id": 157,
		"action": {
			"type": "block"
		},
		"condition": {
			"urlFilter": "||sociaaldigitaal.nl/img/Banner-",
			"domainType": "thirdParty",
			"isUrlFilterCaseSensitive": false
		}
	},
	{
		"id": 158,
		"action": {
			"type": "block"
		},
		"condition": {
			"urlFilter": "||sp.dpgmedia.net^",
			"domainType": "thirdParty",
			"isUrlFilterCaseSensitive": false
		}
	},
	{
		"id": 159,
		"action": {
			"type": "block"
		},
		"condition": {
			"urlFilter": "||stepstone.be/*?event=widgettool.",
			"domainType": "thirdParty",
			"isUrlFilterCaseSensitive": false
		}
	},
	{
		"id": 160,
		"action": {
			"type": "block"
		},
		"condition": {
			"urlFilter": "||strafrechtadvocaten.nl/media/banner/",
			"domainType": "thirdParty",
			"isUrlFilterCaseSensitive": false
		}
	},
	{
		"id": 161,
		"action": {
			"type": "block"
		},
		"condition": {
			"urlFilter": "||swpportal.com/upload/squarebanners/",
			"isUrlFilterCaseSensitive": false
		}
	},
	{
		"id": 162,
		"action": {
			"type": "block"
		},
		"condition": {
			"urlFilter": "||t.bazarow.com^",
			"domainType": "thirdParty",
			"isUrlFilterCaseSensitive": false
		}
	},
	{
		"id": 163,
		"action": {
			"type": "block"
		},
		"condition": {
			"urlFilter": "||viralize.tv/display/",
			"initiatorDomains": [
				"startpagina.nl"
			],
			"isUrlFilterCaseSensitive": false
		}
	},
	{
		"id": 164,
		"action": {
			"type": "block"
		},
		"condition": {
			"urlFilter": "||widget.vpnnederland.nl^",
			"initiatorDomains": [
				"nzbserver.com"
			],
			"isUrlFilterCaseSensitive": false
		}
	},
	{
		"id": 165,
		"action": {
			"type": "block"
		},
		"condition": {
			"urlFilter": "||widgets.skyscanner.net^",
			"initiatorDomains": [
				"puuropreis.nl"
			],
			"isUrlFilterCaseSensitive": false
		}
	},
	{
		"id": 166,
		"action": {
			"type": "block"
		},
		"condition": {
			"urlFilter": "||windows.net/banners/",
			"initiatorDomains": [
				"agf.nl",
				"bpnieuws.nl",
				"groentennieuws.nl",
				"uiennieuws.nl"
			],
			"isUrlFilterCaseSensitive": false
		}
	},
	{
		"id": 167,
		"action": {
			"type": "block"
		},
		"condition": {
			"urlFilter": "||wp.com/www.bol.com/nl/upload/partnerprogramma/",
			"isUrlFilterCaseSensitive": false
		}
	},
	{
		"id": 168,
		"action": {
			"type": "block"
		},
		"condition": {
			"urlFilter": "||xmissy.nl/admnfiles1809/sinclub/freechatbanner_",
			"isUrlFilterCaseSensitive": false
		}
	},
	{
		"id": 169,
		"action": {
			"type": "block"
		},
		"condition": {
			"urlFilter": "||123video.nl^*/300x100_",
			"isUrlFilterCaseSensitive": false
		}
	},
	{
		"id": 170,
		"action": {
			"type": "block"
		},
		"condition": {
			"urlFilter": "||2link.be/banners/",
			"isUrlFilterCaseSensitive": false
		}
	},
	{
		"id": 171,
		"action": {
			"type": "block"
		},
		"condition": {
			"urlFilter": "||aa.tweakers.nl^",
			"isUrlFilterCaseSensitive": false
		}
	},
	{
		"id": 172,
		"action": {
			"type": "block"
		},
		"condition": {
			"urlFilter": "||aafm.nl/cms/wp-content/themes/omroepalmelo/img/banners/",
			"isUrlFilterCaseSensitive": false
		}
	},
	{
		"id": 173,
		"action": {
			"type": "block"
		},
		"condition": {
			"urlFilter": "||abcsuriname.com/images/banners/",
			"isUrlFilterCaseSensitive": false
		}
	},
	{
		"id": 174,
		"action": {
			"type": "block"
		},
		"condition": {
			"urlFilter": "||adodenhaag.nl/images/banners/",
			"isUrlFilterCaseSensitive": false
		}
	},
	{
		"id": 175,
		"action": {
			"type": "block"
		},
		"condition": {
			"urlFilter": "||agconnect.nl/sites/ag/files/styles/partner_",
			"isUrlFilterCaseSensitive": false
		}
	},
	{
		"id": 176,
		"action": {
			"type": "block"
		},
		"condition": {
			"urlFilter": "||am-forum.nl/upload/logo_elektrodump.png",
			"isUrlFilterCaseSensitive": false
		}
	},
	{
		"id": 177,
		"action": {
			"type": "block"
		},
		"condition": {
			"urlFilter": "||antilliaansdagblad.com/images/banners/",
			"isUrlFilterCaseSensitive": false
		}
	},
	{
		"id": 178,
		"action": {
			"type": "block"
		},
		"condition": {
			"urlFilter": "||apintie.sr/bannerz/",
			"isUrlFilterCaseSensitive": false
		}
	},
	{
		"id": 179,
		"action": {
			"type": "block"
		},
		"condition": {
			"urlFilter": "||autosport.nl/images/Banner-",
			"isUrlFilterCaseSensitive": false
		}
	},
	{
		"id": 180,
		"action": {
			"type": "block"
		},
		"condition": {
			"urlFilter": "||autosport.nl/images/banners/",
			"isUrlFilterCaseSensitive": false
		}
	},
	{
		"id": 181,
		"action": {
			"type": "block"
		},
		"condition": {
			"urlFilter": "||baarsclassicrock.nl/wp-content/uploads/*/banner_",
			"isUrlFilterCaseSensitive": false
		}
	},
	{
		"id": 182,
		"action": {
			"type": "block"
		},
		"condition": {
			"urlFilter": "||belgiancycling.be^*/Banners/",
			"isUrlFilterCaseSensitive": false
		}
	},
	{
		"id": 183,
		"action": {
			"type": "block"
		},
		"condition": {
			"urlFilter": "||belgiancycling.be^*/Logo%27s%20partners/",
			"isUrlFilterCaseSensitive": false
		}
	},
	{
		"id": 184,
		"action": {
			"type": "block"
		},
		"condition": {
			"urlFilter": "||bloovi.be/frontend/files/banners/",
			"isUrlFilterCaseSensitive": false
		}
	},
	{
		"id": 185,
		"action": {
			"type": "block"
		},
		"condition": {
			"urlFilter": "||bodemvondstenwereld.nl/images/banners/",
			"isUrlFilterCaseSensitive": false
		}
	},
	{
		"id": 186,
		"action": {
			"type": "block"
		},
		"condition": {
			"urlFilter": "||bol-an.nl/wp-content/uploads/*/Adv_",
			"isUrlFilterCaseSensitive": false
		}
	},
	{
		"id": 187,
		"action": {
			"type": "block"
		},
		"condition": {
			"urlFilter": "||brandweerspotters.nl/modules/banners/",
			"isUrlFilterCaseSensitive": false
		}
	},
	{
		"id": 188,
		"action": {
			"type": "block"
		},
		"condition": {
			"urlFilter": "||buzzbie.nl/uploads/banners/",
			"isUrlFilterCaseSensitive": false
		}
	},
	{
		"id": 189,
		"action": {
			"type": "block"
		},
		"condition": {
			"urlFilter": "||cdn-webcam-harlingen.nl/adv/",
			"isUrlFilterCaseSensitive": false
		}
	},
	{
		"id": 190,
		"action": {
			"type": "block"
		},
		"condition": {
			"urlFilter": "||chatmetvreemden.be/static/html/",
			"isUrlFilterCaseSensitive": false
		}
	},
	{
		"id": 191,
		"action": {
			"type": "block"
		},
		"condition": {
			"urlFilter": "||chatmetvreemden.nl/static/html/",
			"isUrlFilterCaseSensitive": false
		}
	},
	{
		"id": 192,
		"action": {
			"type": "block"
		},
		"condition": {
			"urlFilter": "||christelijknieuws.nl^*/banner/",
			"isUrlFilterCaseSensitive": false
		}
	},
	{
		"id": 193,
		"action": {
			"type": "block"
		},
		"condition": {
			"urlFilter": "||ciaotutti.nl/wp-content/uploads/Banner_",
			"isUrlFilterCaseSensitive": false
		}
	},
	{
		"id": 194,
		"action": {
			"type": "block"
		},
		"condition": {
			"urlFilter": "||clubbrugge.be^*/partner/",
			"isUrlFilterCaseSensitive": false
		}
	},
	{
		"id": 195,
		"action": {
			"type": "block"
		},
		"condition": {
			"urlFilter": "||coastline945fm.nl/cache/partners/",
			"isUrlFilterCaseSensitive": false
		}
	},
	{
		"id": 196,
		"action": {
			"type": "block"
		},
		"condition": {
			"urlFilter": "||coastlinefm.nl/cache/partners/",
			"isUrlFilterCaseSensitive": false
		}
	},
	{
		"id": 197,
		"action": {
			"type": "block"
		},
		"condition": {
			"urlFilter": "||content1.pcmweb.nl^",
			"isUrlFilterCaseSensitive": false
		}
	},
	{
		"id": 198,
		"action": {
			"type": "block"
		},
		"condition": {
			"urlFilter": "||content1.pu.nl^",
			"isUrlFilterCaseSensitive": false
		}
	},
	{
		"id": 199,
		"action": {
			"type": "block"
		},
		"condition": {
			"urlFilter": "||content1.wasmachines.nl^",
			"isUrlFilterCaseSensitive": false
		}
	},
	{
		"id": 200,
		"action": {
			"type": "block"
		},
		"condition": {
			"urlFilter": "||content1.zoom.nl^",
			"isUrlFilterCaseSensitive": false
		}
	},
	{
		"id": 201,
		"action": {
			"type": "block"
		},
		"condition": {
			"urlFilter": "||content2.besteproduct.nl^",
			"isUrlFilterCaseSensitive": false
		}
	},
	{
		"id": 202,
		"action": {
			"type": "block"
		},
		"condition": {
			"urlFilter": "||content2.kieskeurig.nl^",
			"isUrlFilterCaseSensitive": false
		}
	},
	{
		"id": 203,
		"action": {
			"type": "block"
		},
		"condition": {
			"urlFilter": "||content2.pu.nl^",
			"isUrlFilterCaseSensitive": false
		}
	},
	{
		"id": 204,
		"action": {
			"type": "block"
		},
		"condition": {
			"urlFilter": "||content2.wasmachines.nl^",
			"isUrlFilterCaseSensitive": false
		}
	},
	{
		"id": 205,
		"action": {
			"type": "block"
		},
		"condition": {
			"urlFilter": "||content2.zoom.nl^",
			"isUrlFilterCaseSensitive": false
		}
	},
	{
		"id": 206,
		"action": {
			"type": "block"
		},
		"condition": {
			"urlFilter": "||cryptobenelux.com/wp-content/uploads/*-banner-",
			"isUrlFilterCaseSensitive": false
		}
	},
	{
		"id": 207,
		"action": {
			"type": "block"
		},
		"condition": {
			"urlFilter": "||cryptobenelux.com/wp-content/uploads/*-Banner.",
			"isUrlFilterCaseSensitive": false
		}
	},
	{
		"id": 208,
		"action": {
			"type": "block"
		},
		"condition": {
			"urlFilter": "||cryptobenelux.com/wp-content/uploads/*/banner_",
			"isUrlFilterCaseSensitive": false
		}
	},
	{
		"id": 209,
		"action": {
			"type": "block"
		},
		"condition": {
			"urlFilter": "||cryptoprijzen.com/cryptoprijzen-widget/",
			"isUrlFilterCaseSensitive": false
		}
	},
	{
		"id": 210,
		"action": {
			"type": "block"
		},
		"condition": {
			"urlFilter": "||debestevpn.nl/wp-content/*-banner.",
			"isUrlFilterCaseSensitive": false
		}
	},
	{
		"id": 211,
		"action": {
			"type": "block"
		},
		"condition": {
			"urlFilter": "||decibel.nl/wp-content/uploads/*/banner-",
			"isUrlFilterCaseSensitive": false
		}
	},
	{
		"id": 212,
		"action": {
			"type": "block"
		},
		"condition": {
			"urlFilter": "||dewereldmorgen.be/wp-content/banners/",
			"isUrlFilterCaseSensitive": false
		}
	},
	{
		"id": 213,
		"action": {
			"type": "block"
		},
		"condition": {
			"urlFilter": "||digitaalburg.com/rn02/wp-content/uploads/*/CornetAnimationA-",
			"isUrlFilterCaseSensitive": false
		}
	},
	{
		"id": 214,
		"action": {
			"type": "block"
		},
		"condition": {
			"urlFilter": "||digitaalburg.com/rn02/wp-content/uploads/*/MERKX11.png",
			"isUrlFilterCaseSensitive": false
		}
	},
	{
		"id": 215,
		"action": {
			"type": "block"
		},
		"condition": {
			"urlFilter": "||digitaalburg.com/rn02/wp-content/uploads/*/Roel.jpg",
			"isUrlFilterCaseSensitive": false
		}
	},
	{
		"id": 216,
		"action": {
			"type": "block"
		},
		"condition": {
			"urlFilter": "||digitaalburg.com/rn02/wp-content/uploads/*/uitwaard21.jpg",
			"isUrlFilterCaseSensitive": false
		}
	},
	{
		"id": 217,
		"action": {
			"type": "block"
		},
		"condition": {
			"urlFilter": "||digitaalburg.com/rn02/wp-content/uploads/*/Vacature-",
			"isUrlFilterCaseSensitive": false
		}
	},
	{
		"id": 218,
		"action": {
			"type": "block"
		},
		"condition": {
			"urlFilter": "||digitaalburg.com/rn02/wp-content/uploads/*/vertiadvies_",
			"isUrlFilterCaseSensitive": false
		}
	},
	{
		"id": 219,
		"action": {
			"type": "block"
		},
		"condition": {
			"urlFilter": "||digitaalburg.com/rn02/wp-content/uploads/*/webbanner-",
			"isUrlFilterCaseSensitive": false
		}
	},
	{
		"id": 220,
		"action": {
			"type": "block"
		},
		"condition": {
			"urlFilter": "||dolcevia.com^*/Banners/",
			"isUrlFilterCaseSensitive": false
		}
	},
	{
		"id": 221,
		"action": {
			"type": "block"
		},
		"condition": {
			"urlFilter": "||duurzaam-actueel.nl^*banner",
			"isUrlFilterCaseSensitive": false
		}
	},
	{
		"id": 222,
		"action": {
			"type": "block"
		},
		"condition": {
			"urlFilter": "||edelmetaal-info.nl/cdfund-336x280.html",
			"isUrlFilterCaseSensitive": false
		}
	},
	{
		"id": 223,
		"action": {
			"type": "block"
		},
		"condition": {
			"urlFilter": "||edelmetaal-info.nl/wp-content/uploads/images/goudpensioen/",
			"isUrlFilterCaseSensitive": false
		}
	},
	{
		"id": 224,
		"action": {
			"type": "block"
		},
		"condition": {
			"urlFilter": "||eredivisie.nl/images/logos/partners/",
			"isUrlFilterCaseSensitive": false
		}
	},
	{
		"id": 225,
		"action": {
			"type": "block"
		},
		"condition": {
			"urlFilter": "||excellentfm.nl/images/aanbieding/",
			"isUrlFilterCaseSensitive": false
		}
	},
	{
		"id": 226,
		"action": {
			"type": "block"
		},
		"condition": {
			"urlFilter": "||fanclubbarcelona.nl/viewfile/mainbanner/",
			"isUrlFilterCaseSensitive": false
		}
	},
	{
		"id": 227,
		"action": {
			"type": "block"
		},
		"condition": {
			"urlFilter": "||farmaline.be/assets/banners/",
			"isUrlFilterCaseSensitive": false
		}
	},
	{
		"id": 228,
		"action": {
			"type": "block"
		},
		"condition": {
			"urlFilter": "||fcupdate.nl/js/adslot.js",
			"isUrlFilterCaseSensitive": false
		}
	},
	{
		"id": 229,
		"action": {
			"type": "block"
		},
		"condition": {
			"urlFilter": "||flirtmee.nl/img/160x70_sponsor-",
			"isUrlFilterCaseSensitive": false
		}
	},
	{
		"id": 230,
		"action": {
			"type": "block"
		},
		"condition": {
			"urlFilter": "||floranews.com/img/banner/",
			"isUrlFilterCaseSensitive": false
		}
	},
	{
		"id": 231,
		"action": {
			"type": "block"
		},
		"condition": {
			"urlFilter": "||fonkmagazine.nl/adds/",
			"isUrlFilterCaseSensitive": false
		}
	},
	{
		"id": 232,
		"action": {
			"type": "block"
		},
		"condition": {
			"urlFilter": "||fonkonline.nl/adds/",
			"isUrlFilterCaseSensitive": false
		}
	},
	{
		"id": 233,
		"action": {
			"type": "block"
		},
		"condition": {
			"urlFilter": "||forum.spaarinformatie.nl/si-info.html",
			"isUrlFilterCaseSensitive": false
		}
	},
	{
		"id": 234,
		"action": {
			"type": "block"
		},
		"condition": {
			"urlFilter": "||genemuidenactueel.nl^*banner",
			"isUrlFilterCaseSensitive": false
		}
	},
	{
		"id": 235,
		"action": {
			"type": "block"
		},
		"condition": {
			"urlFilter": "||gic.nl/uploads/fckconnector/",
			"isUrlFilterCaseSensitive": false
		}
	},
	{
		"id": 236,
		"action": {
			"type": "block"
		},
		"condition": {
			"urlFilter": "||gigantfm.nl/upload/20170420110645812.jpg",
			"isUrlFilterCaseSensitive": false
		}
	},
	{
		"id": 237,
		"action": {
			"type": "block"
		},
		"condition": {
			"urlFilter": "||gigantfm.nl/upload/20210730122903794.gif",
			"isUrlFilterCaseSensitive": false
		}
	},
	{
		"id": 238,
		"action": {
			"type": "block"
		},
		"condition": {
			"urlFilter": "||gigantfm.nl/upload/autoonderdelen24_1.png",
			"isUrlFilterCaseSensitive": false
		}
	},
	{
		"id": 239,
		"action": {
			"type": "block"
		},
		"condition": {
			"urlFilter": "||gigantfm.nl/upload/onderdelenshop.gif",
			"isUrlFilterCaseSensitive": false
		}
	},
	{
		"id": 240,
		"action": {
			"type": "block"
		},
		"condition": {
			"urlFilter": "||goedkoopstekeukensduitsland.nl/wp-content/uploads/*/I-kook-banner.jpg",
			"isUrlFilterCaseSensitive": false
		}
	},
	{
		"id": 241,
		"action": {
			"type": "block"
		},
		"condition": {
			"urlFilter": "||goedkoopstekeukensduitsland.nl/wp-content/uploads/*/Keuken-ontwerp-aan-huis.jpg",
			"isUrlFilterCaseSensitive": false
		}
	},
	{
		"id": 242,
		"action": {
			"type": "block"
		},
		"condition": {
			"urlFilter": "||goedkoopstekeukensduitsland.nl/wp-content/uploads/*/Keukenplaats.jpg",
			"isUrlFilterCaseSensitive": false
		}
	},
	{
		"id": 243,
		"action": {
			"type": "block"
		},
		"condition": {
			"urlFilter": "||golf.be/files/BannerImage/",
			"isUrlFilterCaseSensitive": false
		}
	},
	{
		"id": 244,
		"action": {
			"type": "block"
		},
		"condition": {
			"urlFilter": "||greenkeeper.nl/upload/banners/",
			"isUrlFilterCaseSensitive": false
		}
	},
	{
		"id": 245,
		"action": {
			"type": "block"
		},
		"condition": {
			"urlFilter": "||greenkeeper.nl/upload/relaties/",
			"isUrlFilterCaseSensitive": false
		}
	},
	{
		"id": 246,
		"action": {
			"type": "block"
		},
		"condition": {
			"urlFilter": "||halstadcentraal.nl/images/banners/",
			"isUrlFilterCaseSensitive": false
		}
	},
	{
		"id": 247,
		"action": {
			"type": "block"
		},
		"condition": {
			"urlFilter": "||handbalstartpunt.nl/content/schoonkapje.gif",
			"isUrlFilterCaseSensitive": false
		}
	},
	{
		"id": 248,
		"action": {
			"type": "block"
		},
		"condition": {
			"urlFilter": "||handbalstartpunt.nl/images/mizuno-small.jpg",
			"isUrlFilterCaseSensitive": false
		}
	},
	{
		"id": 249,
		"action": {
			"type": "block"
		},
		"condition": {
			"urlFilter": "||hoekschnieuws.nl/banner/",
			"isUrlFilterCaseSensitive": false
		}
	},
	{
		"id": 250,
		"action": {
			"type": "block"
		},
		"condition": {
			"urlFilter": "||hoekschnieuws.nl/wp-content/uploads/*/Banner-",
			"isUrlFilterCaseSensitive": false
		}
	},
	{
		"id": 251,
		"action": {
			"type": "block"
		},
		"condition": {
			"urlFilter": "||hotradiohits.nl/image/picture/*_banner.",
			"isUrlFilterCaseSensitive": false
		}
	},
	{
		"id": 252,
		"action": {
			"type": "block"
		},
		"condition": {
			"urlFilter": "||htforum.nl/yabbse/*-banner2.gif",
			"isUrlFilterCaseSensitive": false
		}
	},
	{
		"id": 253,
		"action": {
			"type": "block"
		},
		"condition": {
			"urlFilter": "||htforum.nl/yabbse/banners/",
			"isUrlFilterCaseSensitive": false
		}
	},
	{
		"id": 254,
		"action": {
			"type": "block"
		},
		"condition": {
			"urlFilter": "||htforum.nl/yabbse/topframe_v3.php",
			"isUrlFilterCaseSensitive": false
		}
	},
	{
		"id": 255,
		"action": {
			"type": "block"
		},
		"condition": {
			"urlFilter": "||iex.nl/uploads/banners/",
			"isUrlFilterCaseSensitive": false
		}
	},
	{
		"id": 256,
		"action": {
			"type": "block"
		},
		"condition": {
			"urlFilter": "||katholiek.nl/wp-content/uploads/*/banner-",
			"isUrlFilterCaseSensitive": false
		}
	},
	{
		"id": 257,
		"action": {
			"type": "block"
		},
		"condition": {
			"urlFilter": "||kavelplatform.nl/assets/uploads/banners/",
			"isUrlFilterCaseSensitive": false
		}
	},
	{
		"id": 258,
		"action": {
			"type": "block"
		},
		"condition": {
			"urlFilter": "||kilroynews.net^*banner",
			"isUrlFilterCaseSensitive": false
		}
	},
	{
		"id": 259,
		"action": {
			"type": "block"
		},
		"condition": {
			"urlFilter": "||klokradio.nl/wp-content/uploads/*/adv-",
			"isUrlFilterCaseSensitive": false
		}
	},
	{
		"id": 260,
		"action": {
			"type": "block"
		},
		"condition": {
			"urlFilter": "||landenweb.nl/imgBoeking/",
			"isUrlFilterCaseSensitive": false
		}
	},
	{
		"id": 261,
		"action": {
			"type": "block"
		},
		"condition": {
			"urlFilter": "||linqmedia.nl/cwm/fm/userfiles/banner/",
			"isUrlFilterCaseSensitive": false
		}
	},
	{
		"id": 262,
		"action": {
			"type": "block"
		},
		"condition": {
			"urlFilter": "||loemedia.nl/wp-content/uploads/*/BannerPruisSchilderwerken-",
			"isUrlFilterCaseSensitive": false
		}
	},
	{
		"id": 263,
		"action": {
			"type": "block"
		},
		"condition": {
			"urlFilter": "||loemedia.nl/wp-content/uploads/*/HemaBannerGroot-",
			"isUrlFilterCaseSensitive": false
		}
	},
	{
		"id": 264,
		"action": {
			"type": "block"
		},
		"condition": {
			"urlFilter": "||lokaleomroepzeewolde.nl/images/banners/",
			"isUrlFilterCaseSensitive": false
		}
	},
	{
		"id": 265,
		"action": {
			"type": "block"
		},
		"condition": {
			"urlFilter": "||luister.nl/wp-content/uploads/*/Banner_",
			"isUrlFilterCaseSensitive": false
		}
	},
	{
		"id": 266,
		"action": {
			"type": "block"
		},
		"condition": {
			"urlFilter": "||maarkelsnieuws.nl/banners/",
			"isUrlFilterCaseSensitive": false
		}
	},
	{
		"id": 267,
		"action": {
			"type": "block"
		},
		"condition": {
			"urlFilter": "||maaslandradio.nl/wp-content/uploads/*/autodoc.",
			"isUrlFilterCaseSensitive": false
		}
	},
	{
		"id": 268,
		"action": {
			"type": "block"
		},
		"condition": {
			"urlFilter": "||maaslandradio.nl/wp-content/uploads/*/Banner-",
			"isUrlFilterCaseSensitive": false
		}
	},
	{
		"id": 269,
		"action": {
			"type": "block"
		},
		"condition": {
			"urlFilter": "||maaslandradio.nl/wp-content/uploads/*/Hekwerkland.",
			"isUrlFilterCaseSensitive": false
		}
	},
	{
		"id": 270,
		"action": {
			"type": "block"
		},
		"condition": {
			"urlFilter": "||mandelnieuws.be^*/Sponsors/",
			"isUrlFilterCaseSensitive": false
		}
	},
	{
		"id": 271,
		"action": {
			"type": "block"
		},
		"condition": {
			"urlFilter": "||mannennieuws.nl/wp-content/uploads/*-banner.",
			"isUrlFilterCaseSensitive": false
		}
	},
	{
		"id": 272,
		"action": {
			"type": "block"
		},
		"condition": {
			"urlFilter": "||marktplaats.nl/*/api/complementary-listings?",
			"isUrlFilterCaseSensitive": false
		}
	},
	{
		"id": 273,
		"action": {
			"type": "block"
		},
		"condition": {
			"urlFilter": "||meerdangewenst.nl^*/sponsors/",
			"isUrlFilterCaseSensitive": false
		}
	},
	{
		"id": 274,
		"action": {
			"type": "block"
		},
		"condition": {
			"urlFilter": "||metalfan.nl/banners/",
			"isUrlFilterCaseSensitive": false
		}
	},
	{
		"id": 275,
		"action": {
			"type": "block"
		},
		"condition": {
			"urlFilter": "||midvliet.nl/images/advertenties-",
			"isUrlFilterCaseSensitive": false
		}
	},
	{
		"id": 276,
		"action": {
			"type": "block"
		},
		"condition": {
			"urlFilter": "||mo.be/sites/default/files/banners/",
			"isUrlFilterCaseSensitive": false
		}
	},
	{
		"id": 277,
		"action": {
			"type": "block"
		},
		"condition": {
			"urlFilter": "||motocrossplanet.nl/banner/",
			"isUrlFilterCaseSensitive": false
		}
	},
	{
		"id": 278,
		"action": {
			"type": "block"
		},
		"condition": {
			"urlFilter": "||motocrossplanet.nl/wwwuploads/banners/",
			"isUrlFilterCaseSensitive": false
		}
	},
	{
		"id": 279,
		"action": {
			"type": "block"
		},
		"condition": {
			"urlFilter": "||motokicx.com/wp-content/uploads/*/BANNER-",
			"isUrlFilterCaseSensitive": false
		}
	},
	{
		"id": 280,
		"action": {
			"type": "block"
		},
		"condition": {
			"urlFilter": "||motokicx.com/wp-content/uploads/*/Website-ad-",
			"isUrlFilterCaseSensitive": false
		}
	},
	{
		"id": 281,
		"action": {
			"type": "block"
		},
		"condition": {
			"urlFilter": "||netonline.be/slices/banners/",
			"isUrlFilterCaseSensitive": false
		}
	},
	{
		"id": 282,
		"action": {
			"type": "block"
		},
		"condition": {
			"urlFilter": "||nevobo.nl^*/sponsor/",
			"isUrlFilterCaseSensitive": false
		}
	},
	{
		"id": 283,
		"action": {
			"type": "block"
		},
		"condition": {
			"urlFilter": "||niburu.co/images/banners/",
			"isUrlFilterCaseSensitive": false
		}
	},
	{
		"id": 284,
		"action": {
			"type": "block"
		},
		"condition": {
			"urlFilter": "||nieuwsopbeeld.nl/wp-content/uploads/*/Advertentie-",
			"isUrlFilterCaseSensitive": false
		}
	},
	{
		"id": 285,
		"action": {
			"type": "block"
		},
		"condition": {
			"urlFilter": "||nieuwsuitnijmegen.nl/gfx/banners/",
			"isUrlFilterCaseSensitive": false
		}
	},
	{
		"id": 286,
		"action": {
			"type": "block"
		},
		"condition": {
			"urlFilter": "||noordkopcentraal.nl^*/banner_",
			"isUrlFilterCaseSensitive": false
		}
	},
	{
		"id": 287,
		"action": {
			"type": "block"
		},
		"condition": {
			"urlFilter": "||notebookcheck.nl/fileadmin/Sonstiges/amaz_",
			"resourceTypes": [
				"xmlhttprequest"
			],
			"isUrlFilterCaseSensitive": false
		}
	},
	{
		"id": 288,
		"action": {
			"type": "block"
		},
		"condition": {
			"urlFilter": "||nrc.nl/tag/tag.js",
			"isUrlFilterCaseSensitive": false
		}
	},
	{
		"id": 289,
		"action": {
			"type": "block"
		},
		"condition": {
			"urlFilter": "||omroeppenm.nl^*/banner/",
			"isUrlFilterCaseSensitive": false
		}
	},
	{
		"id": 290,
		"action": {
			"type": "block"
		},
		"condition": {
			"urlFilter": "||onderwijsland.com/files/banners/",
			"isUrlFilterCaseSensitive": false
		}
	},
	{
		"id": 291,
		"action": {
			"type": "block"
		},
		"condition": {
			"urlFilter": "||onderwijsland.com/files/partners/",
			"isUrlFilterCaseSensitive": false
		}
	},
	{
		"id": 292,
		"action": {
			"type": "block"
		},
		"condition": {
			"urlFilter": "||ontdek-amerika.nl/marketing/bartsbanner.gif",
			"isUrlFilterCaseSensitive": false
		}
	},
	{
		"id": 293,
		"action": {
			"type": "block"
		},
		"condition": {
			"urlFilter": "||oogtv.nl/wp-content/banners/",
			"isUrlFilterCaseSensitive": false
		}
	},
	{
		"id": 294,
		"action": {
			"type": "block"
		},
		"condition": {
			"urlFilter": "||oops.nl/banner/",
			"isUrlFilterCaseSensitive": false
		}
	},
	{
		"id": 295,
		"action": {
			"type": "block"
		},
		"condition": {
			"urlFilter": "||openingsurengids.be/includes/js/checkblockv2.js",
			"isUrlFilterCaseSensitive": false
		}
	},
	{
		"id": 296,
		"action": {
			"type": "block"
		},
		"condition": {
			"urlFilter": "||openingsurengids.be/template/images/publi/",
			"isUrlFilterCaseSensitive": false
		}
	},
	{
		"id": 297,
		"action": {
			"type": "block"
		},
		"condition": {
			"urlFilter": "||opwindend.net/Promotie/",
			"isUrlFilterCaseSensitive": false
		}
	},
	{
		"id": 298,
		"action": {
			"type": "block"
		},
		"condition": {
			"urlFilter": "||pdd-nos.nl/footer.html",
			"isUrlFilterCaseSensitive": false
		}
	},
	{
		"id": 299,
		"action": {
			"type": "block"
		},
		"condition": {
			"urlFilter": "||persberichten.com/Images/Banners/",
			"isUrlFilterCaseSensitive": false
		}
	},
	{
		"id": 300,
		"action": {
			"type": "block"
		},
		"condition": {
			"urlFilter": "||persberichten.com/Images/marcommit/",
			"isUrlFilterCaseSensitive": false
		}
	},
	{
		"id": 301,
		"action": {
			"type": "block"
		},
		"condition": {
			"urlFilter": "||popinstituut.nl/wp-content/uploads/2014/02/Huren.nl",
			"isUrlFilterCaseSensitive": false
		}
	},
	{
		"id": 302,
		"action": {
			"type": "block"
		},
		"condition": {
			"urlFilter": "||pornokartel.nl/wp-content/uploads/*/wp-script-leaderboard.gif",
			"isUrlFilterCaseSensitive": false
		}
	},
	{
		"id": 303,
		"action": {
			"type": "block"
		},
		"condition": {
			"urlFilter": "||promootjesite.nl/images/affliateBanner/",
			"isUrlFilterCaseSensitive": false
		}
	},
	{
		"id": 304,
		"action": {
			"type": "block"
		},
		"condition": {
			"urlFilter": "||puurnaturisme.nl/images/banners/",
			"isUrlFilterCaseSensitive": false
		}
	},
	{
		"id": 305,
		"action": {
			"type": "block"
		},
		"condition": {
			"urlFilter": "||racexpress.nl/advertising/",
			"isUrlFilterCaseSensitive": false
		}
	},
	{
		"id": 306,
		"action": {
			"type": "block"
		},
		"condition": {
			"urlFilter": "||racingnews365.nl/images/banners/",
			"isUrlFilterCaseSensitive": false
		}
	},
	{
		"id": 307,
		"action": {
			"type": "block"
		},
		"condition": {
			"urlFilter": "||radioacacia.nl/sponsoren/",
			"isUrlFilterCaseSensitive": false
		}
	},
	{
		"id": 308,
		"action": {
			"type": "block"
		},
		"condition": {
			"urlFilter": "||radioeenhoorn.nl/images/Maxaro-badkamers-tegels.png",
			"isUrlFilterCaseSensitive": false
		}
	},
	{
		"id": 309,
		"action": {
			"type": "block"
		},
		"condition": {
			"urlFilter": "||radiolelystad.nl/images/stories/Banners/",
			"isUrlFilterCaseSensitive": false
		}
	},
	{
		"id": 310,
		"action": {
			"type": "block"
		},
		"condition": {
			"urlFilter": "||radionl.fm/wp-content/uploads/*/Maxiaxi_",
			"isUrlFilterCaseSensitive": false
		}
	},
	{
		"id": 311,
		"action": {
			"type": "block"
		},
		"condition": {
			"urlFilter": "||radiovisie.eu/wp-content/banners/",
			"isUrlFilterCaseSensitive": false
		}
	},
	{
		"id": 312,
		"action": {
			"type": "block"
		},
		"condition": {
			"urlFilter": "||railhobby.nl/wp-content/uploads/*_banner-",
			"isUrlFilterCaseSensitive": false
		}
	},
	{
		"id": 313,
		"action": {
			"type": "block"
		},
		"condition": {
			"urlFilter": "||rd.nl/deliver.js",
			"isUrlFilterCaseSensitive": false
		}
	},
	{
		"id": 314,
		"action": {
			"type": "block"
		},
		"condition": {
			"urlFilter": "||retaildetail.be/sites/default/files/banner/",
			"isUrlFilterCaseSensitive": false
		}
	},
	{
		"id": 315,
		"action": {
			"type": "block"
		},
		"condition": {
			"urlFilter": "||retaildetail.nl/sites/default/files/banner/",
			"isUrlFilterCaseSensitive": false
		}
	},
	{
		"id": 316,
		"action": {
			"type": "block"
		},
		"condition": {
			"urlFilter": "||rickfm.nl/cwm/fm/userfiles/banner/",
			"isUrlFilterCaseSensitive": false
		}
	},
	{
		"id": 317,
		"action": {
			"type": "block"
		},
		"condition": {
			"urlFilter": "||rtvdordrecht.nl/cwm/fm/userfiles/banner/",
			"isUrlFilterCaseSensitive": false
		}
	},
	{
		"id": 318,
		"action": {
			"type": "block"
		},
		"condition": {
			"urlFilter": "||rtveen.nl/wp-content/uploads/*-Banner-",
			"isUrlFilterCaseSensitive": false
		}
	},
	{
		"id": 319,
		"action": {
			"type": "block"
		},
		"condition": {
			"urlFilter": "||rtveen.nl/wp-content/uploads/*/banner-",
			"isUrlFilterCaseSensitive": false
		}
	},
	{
		"id": 320,
		"action": {
			"type": "block"
		},
		"condition": {
			"urlFilter": "||rtvlansingerland.nl/wp-content/uploads/*/Zorgvilla.gif",
			"isUrlFilterCaseSensitive": false
		}
	},
	{
		"id": 321,
		"action": {
			"type": "block"
		},
		"condition": {
			"urlFilter": "||rtvmaastricht.nl/banners/",
			"isUrlFilterCaseSensitive": false
		}
	},
	{
		"id": 322,
		"action": {
			"type": "block"
		},
		"condition": {
			"urlFilter": "||rtvnof.nl/prowurk/",
			"isUrlFilterCaseSensitive": false
		}
	},
	{
		"id": 323,
		"action": {
			"type": "block"
		},
		"condition": {
			"urlFilter": "||schie.nu/images/banner/",
			"isUrlFilterCaseSensitive": false
		}
	},
	{
		"id": 324,
		"action": {
			"type": "block"
		},
		"condition": {
			"urlFilter": "||schuttevaer.nl/partnersites/",
			"isUrlFilterCaseSensitive": false
		}
	},
	{
		"id": 325,
		"action": {
			"type": "block"
		},
		"condition": {
			"urlFilter": "||seksverhalen.org/telefoonsex.png",
			"isUrlFilterCaseSensitive": false
		}
	},
	{
		"id": 326,
		"action": {
			"type": "block"
		},
		"condition": {
			"urlFilter": "||seksverhalen.org/vluggertjes.png",
			"isUrlFilterCaseSensitive": false
		}
	},
	{
		"id": 327,
		"action": {
			"type": "block"
		},
		"condition": {
			"urlFilter": "||sexchatlounge.nl/bannerlinks.html",
			"isUrlFilterCaseSensitive": false
		}
	},
	{
		"id": 328,
		"action": {
			"type": "block"
		},
		"condition": {
			"urlFilter": "||sexchatlounge.nl/bannerrechts.html",
			"isUrlFilterCaseSensitive": false
		}
	},
	{
		"id": 329,
		"action": {
			"type": "block"
		},
		"condition": {
			"urlFilter": "||simone.nl/wp-content/uploads/*-banner-",
			"isUrlFilterCaseSensitive": false
		}
	},
	{
		"id": 330,
		"action": {
			"type": "block"
		},
		"condition": {
			"urlFilter": "||simone.nl/wp-content/uploads/*-besteonderdelen.nl-",
			"isUrlFilterCaseSensitive": false
		}
	},
	{
		"id": 331,
		"action": {
			"type": "block"
		},
		"condition": {
			"urlFilter": "||simone.nl/wp-content/uploads/*-onderdelenexpert.nl-",
			"isUrlFilterCaseSensitive": false
		}
	},
	{
		"id": 332,
		"action": {
			"type": "block"
		},
		"condition": {
			"urlFilter": "||simone.nl/wp-content/uploads/*/tijdelijkkkkk.png",
			"isUrlFilterCaseSensitive": false
		}
	},
	{
		"id": 333,
		"action": {
			"type": "block"
		},
		"condition": {
			"urlFilter": "||solarmagazine.nl/u/edwin/",
			"isUrlFilterCaseSensitive": false
		}
	},
	{
		"id": 334,
		"action": {
			"type": "block"
		},
		"condition": {
			"urlFilter": "||spreekbuis.nl/wp-content/uploads/*-banner-",
			"isUrlFilterCaseSensitive": false
		}
	},
	{
		"id": 335,
		"action": {
			"type": "block"
		},
		"condition": {
			"urlFilter": "||spreekbuis.nl/wp-content/uploads/*/Banner-",
			"isUrlFilterCaseSensitive": false
		}
	},
	{
		"id": 336,
		"action": {
			"type": "block"
		},
		"condition": {
			"urlFilter": "||srherald.com/wp-content/banners/",
			"isUrlFilterCaseSensitive": false
		}
	},
	{
		"id": 337,
		"action": {
			"type": "block"
		},
		"condition": {
			"urlFilter": "||streamwijzer.be/wp-content/uploads/*-banner.",
			"isUrlFilterCaseSensitive": false
		}
	},
	{
		"id": 338,
		"action": {
			"type": "block"
		},
		"condition": {
			"urlFilter": "||te-les-koop.nl/images/B_",
			"isUrlFilterCaseSensitive": false
		}
	},
	{
		"id": 339,
		"action": {
			"type": "block"
		},
		"condition": {
			"urlFilter": "||tennisplaza.be/wp-content/uploads/*/tennisdirect-",
			"isUrlFilterCaseSensitive": false
		}
	},
	{
		"id": 340,
		"action": {
			"type": "block"
		},
		"condition": {
			"urlFilter": "||tennisvlaanderen.be/documents/*/19Sponsorblok-",
			"isUrlFilterCaseSensitive": false
		}
	},
	{
		"id": 341,
		"action": {
			"type": "block"
		},
		"condition": {
			"urlFilter": "||tennisvlaanderen.be/documents/*/21Sponsorblok-",
			"isUrlFilterCaseSensitive": false
		}
	},
	{
		"id": 342,
		"action": {
			"type": "block"
		},
		"condition": {
			"urlFilter": "||tijd.be/ad/",
			"isUrlFilterCaseSensitive": false
		}
	},
	{
		"id": 343,
		"action": {
			"type": "block"
		},
		"condition": {
			"urlFilter": "||touretappe.nl/images/xtra/",
			"isUrlFilterCaseSensitive": false
		}
	},
	{
		"id": 344,
		"action": {
			"type": "block"
		},
		"condition": {
			"urlFilter": "||tpo.nl/broodplank/",
			"isUrlFilterCaseSensitive": false
		}
	},
	{
		"id": 345,
		"action": {
			"type": "block"
		},
		"condition": {
			"urlFilter": "||tradeidee.nl/banners/",
			"isUrlFilterCaseSensitive": false
		}
	},
	{
		"id": 346,
		"action": {
			"type": "block"
		},
		"condition": {
			"urlFilter": "||transport-online.nl/site/includes/uploads/banner-",
			"isUrlFilterCaseSensitive": false
		}
	},
	{
		"id": 347,
		"action": {
			"type": "block"
		},
		"condition": {
			"urlFilter": "||twentefm.nl/directcast/custom/rtvnot/playout/commercials/",
			"isUrlFilterCaseSensitive": false
		}
	},
	{
		"id": 348,
		"action": {
			"type": "block"
		},
		"condition": {
			"urlFilter": "||uecl-voetbal.nl/derden/",
			"isUrlFilterCaseSensitive": false
		}
	},
	{
		"id": 349,
		"action": {
			"type": "block"
		},
		"condition": {
			"urlFilter": "||uel-voetbal.nl/derden/",
			"isUrlFilterCaseSensitive": false
		}
	},
	{
		"id": 350,
		"action": {
			"type": "block"
		},
		"condition": {
			"urlFilter": "||unity.nu^*/Banners/",
			"isUrlFilterCaseSensitive": false
		}
	},
	{
		"id": 351,
		"action": {
			"type": "block"
		},
		"condition": {
			"urlFilter": "||vagina.nl/fish-hooks/fetch.json",
			"isUrlFilterCaseSensitive": false
		}
	},
	{
		"id": 352,
		"action": {
			"type": "block"
		},
		"condition": {
			"urlFilter": "||vbro.be/wp-content/uploads/*/autoonderdelen24_",
			"isUrlFilterCaseSensitive": false
		}
	},
	{
		"id": 353,
		"action": {
			"type": "block"
		},
		"condition": {
			"urlFilter": "||verkeerplaza.nl/js/banner.js",
			"isUrlFilterCaseSensitive": false
		}
	},
	{
		"id": 354,
		"action": {
			"type": "block"
		},
		"condition": {
			"urlFilter": "||visserijnieuws.nl/images/banners/",
			"isUrlFilterCaseSensitive": false
		}
	},
	{
		"id": 355,
		"action": {
			"type": "block"
		},
		"condition": {
			"urlFilter": "||vitesse.nl/assets/img/layout/etoro-logo.png",
			"isUrlFilterCaseSensitive": false
		}
	},
	{
		"id": 356,
		"action": {
			"type": "block"
		},
		"condition": {
			"urlFilter": "||vitesse.nl^*_sponsors_footer.png",
			"isUrlFilterCaseSensitive": false
		}
	},
	{
		"id": 357,
		"action": {
			"type": "block"
		},
		"condition": {
			"urlFilter": "||vives.nl/wp-content/uploads/*-Banner-",
			"isUrlFilterCaseSensitive": false
		}
	},
	{
		"id": 358,
		"action": {
			"type": "block"
		},
		"condition": {
			"urlFilter": "||vives.nl/wp-content/uploads/Banner_",
			"isUrlFilterCaseSensitive": false
		}
	},
	{
		"id": 359,
		"action": {
			"type": "block"
		},
		"condition": {
			"urlFilter": "||voetbalkrant.com/images/pub/",
			"isUrlFilterCaseSensitive": false
		}
	},
	{
		"id": 360,
		"action": {
			"type": "block"
		},
		"condition": {
			"urlFilter": "||voetbalnederland.nl/img/bravo.gif",
			"isUrlFilterCaseSensitive": false
		}
	},
	{
		"id": 361,
		"action": {
			"type": "block"
		},
		"condition": {
			"urlFilter": "||voetbalrotterdam.nl/wp-content/uploads/*/soccerdealbanner1170.jpg",
			"isUrlFilterCaseSensitive": false
		}
	},
	{
		"id": 362,
		"action": {
			"type": "block"
		},
		"condition": {
			"urlFilter": "||volleybal.nl/uploads/images/Banners/",
			"isUrlFilterCaseSensitive": false
		}
	},
	{
		"id": 363,
		"action": {
			"type": "block"
		},
		"condition": {
			"urlFilter": "||volleybal.nl/uploads/images/Logos/",
			"isUrlFilterCaseSensitive": false
		}
	},
	{
		"id": 364,
		"action": {
			"type": "block"
		},
		"condition": {
			"urlFilter": "||vtm.be^*-achtergrond-",
			"initiatorDomains": [
				"koken.vtm.be"
			],
			"isUrlFilterCaseSensitive": false
		}
	},
	{
		"id": 365,
		"action": {
			"type": "block"
		},
		"condition": {
			"urlFilter": "||vtm.be^*-header-",
			"initiatorDomains": [
				"koken.vtm.be"
			],
			"isUrlFilterCaseSensitive": false
		}
	},
	{
		"id": 366,
		"action": {
			"type": "block"
		},
		"condition": {
			"urlFilter": "||waarzo.nl/imagestore/banners/",
			"isUrlFilterCaseSensitive": false
		}
	},
	{
		"id": 367,
		"action": {
			"type": "block"
		},
		"condition": {
			"urlFilter": "||waarzo.nl/imagestore/site-banners/",
			"isUrlFilterCaseSensitive": false
		}
	},
	{
		"id": 368,
		"action": {
			"type": "block"
		},
		"condition": {
			"urlFilter": "||wanttoknow.nl^*Banner",
			"isUrlFilterCaseSensitive": false
		}
	},
	{
		"id": 369,
		"action": {
			"type": "block"
		},
		"condition": {
			"urlFilter": "||webcam-aalsmeer.nl/media/banners/",
			"isUrlFilterCaseSensitive": false
		}
	},
	{
		"id": 370,
		"action": {
			"type": "block"
		},
		"condition": {
			"urlFilter": "||webcam-aalsmeer.nl/media/banners2/",
			"isUrlFilterCaseSensitive": false
		}
	},
	{
		"id": 371,
		"action": {
			"type": "block"
		},
		"condition": {
			"urlFilter": "||webcam-airport.nl/media/banners/",
			"isUrlFilterCaseSensitive": false
		}
	},
	{
		"id": 372,
		"action": {
			"type": "block"
		},
		"condition": {
			"urlFilter": "||webcam-airport.nl/media/banners2/",
			"isUrlFilterCaseSensitive": false
		}
	},
	{
		"id": 373,
		"action": {
			"type": "block"
		},
		"condition": {
			"urlFilter": "||webcam-binnenvaart.nl/media/banners/",
			"isUrlFilterCaseSensitive": false
		}
	},
	{
		"id": 374,
		"action": {
			"type": "block"
		},
		"condition": {
			"urlFilter": "||webcam-binnenvaart.nl/media/banners2/",
			"isUrlFilterCaseSensitive": false
		}
	},
	{
		"id": 375,
		"action": {
			"type": "block"
		},
		"condition": {
			"urlFilter": "||webcam-blokzijl.nl/media/banners/",
			"isUrlFilterCaseSensitive": false
		}
	},
	{
		"id": 376,
		"action": {
			"type": "block"
		},
		"condition": {
			"urlFilter": "||webcam-blokzijl.nl/media/banners2/",
			"isUrlFilterCaseSensitive": false
		}
	},
	{
		"id": 377,
		"action": {
			"type": "block"
		},
		"condition": {
			"urlFilter": "||webcam-brandaris.nl/media/banners/",
			"isUrlFilterCaseSensitive": false
		}
	},
	{
		"id": 378,
		"action": {
			"type": "block"
		},
		"condition": {
			"urlFilter": "||webcam-brandaris.nl/media/banners2/",
			"isUrlFilterCaseSensitive": false
		}
	},
	{
		"id": 379,
		"action": {
			"type": "block"
		},
		"condition": {
			"urlFilter": "||webcam-delfzijl.nl/media/banners/",
			"isUrlFilterCaseSensitive": false
		}
	},
	{
		"id": 380,
		"action": {
			"type": "block"
		},
		"condition": {
			"urlFilter": "||webcam-delfzijl.nl/media/banners2/",
			"isUrlFilterCaseSensitive": false
		}
	},
	{
		"id": 381,
		"action": {
			"type": "block"
		},
		"condition": {
			"urlFilter": "||webcam-denhelder.nl/media/banners/",
			"isUrlFilterCaseSensitive": false
		}
	},
	{
		"id": 382,
		"action": {
			"type": "block"
		},
		"condition": {
			"urlFilter": "||webcam-denhelder.nl/media/banners2/",
			"isUrlFilterCaseSensitive": false
		}
	},
	{
		"id": 383,
		"action": {
			"type": "block"
		},
		"condition": {
			"urlFilter": "||webcam-denoever.nl/media/banners/",
			"isUrlFilterCaseSensitive": false
		}
	},
	{
		"id": 384,
		"action": {
			"type": "block"
		},
		"condition": {
			"urlFilter": "||webcam-denoever.nl/media/banners2/",
			"isUrlFilterCaseSensitive": false
		}
	},
	{
		"id": 385,
		"action": {
			"type": "block"
		},
		"condition": {
			"urlFilter": "||webcam-dokkum.nl/media/banners/",
			"isUrlFilterCaseSensitive": false
		}
	},
	{
		"id": 386,
		"action": {
			"type": "block"
		},
		"condition": {
			"urlFilter": "||webcam-dokkum.nl/media/banners2/",
			"isUrlFilterCaseSensitive": false
		}
	},
	{
		"id": 387,
		"action": {
			"type": "block"
		},
		"condition": {
			"urlFilter": "||webcam-dordrecht.nl/media/banners/",
			"isUrlFilterCaseSensitive": false
		}
	},
	{
		"id": 388,
		"action": {
			"type": "block"
		},
		"condition": {
			"urlFilter": "||webcam-dordrecht.nl/media/banners2/",
			"isUrlFilterCaseSensitive": false
		}
	},
	{
		"id": 389,
		"action": {
			"type": "block"
		},
		"condition": {
			"urlFilter": "||webcam-enkhuizen.nl/media/banners/",
			"isUrlFilterCaseSensitive": false
		}
	},
	{
		"id": 390,
		"action": {
			"type": "block"
		},
		"condition": {
			"urlFilter": "||webcam-enkhuizen.nl/media/banners2/",
			"isUrlFilterCaseSensitive": false
		}
	},
	{
		"id": 391,
		"action": {
			"type": "block"
		},
		"condition": {
			"urlFilter": "||webcam-friesemeren.nl/media/banners/",
			"isUrlFilterCaseSensitive": false
		}
	},
	{
		"id": 392,
		"action": {
			"type": "block"
		},
		"condition": {
			"urlFilter": "||webcam-friesemeren.nl/media/banners2/",
			"isUrlFilterCaseSensitive": false
		}
	},
	{
		"id": 393,
		"action": {
			"type": "block"
		},
		"condition": {
			"urlFilter": "||webcam-grou.nl/media/banners/",
			"isUrlFilterCaseSensitive": false
		}
	},
	{
		"id": 394,
		"action": {
			"type": "block"
		},
		"condition": {
			"urlFilter": "||webcam-grou.nl/media/banners2/",
			"isUrlFilterCaseSensitive": false
		}
	},
	{
		"id": 395,
		"action": {
			"type": "block"
		},
		"condition": {
			"urlFilter": "||webcam-harlingen.nl/media/banners/",
			"isUrlFilterCaseSensitive": false
		}
	},
	{
		"id": 396,
		"action": {
			"type": "block"
		},
		"condition": {
			"urlFilter": "||webcam-harlingen.nl/media/banners2/",
			"isUrlFilterCaseSensitive": false
		}
	},
	{
		"id": 397,
		"action": {
			"type": "block"
		},
		"condition": {
			"urlFilter": "||webcam-havenijmuiden.nl/media/banners/",
			"isUrlFilterCaseSensitive": false
		}
	},
	{
		"id": 398,
		"action": {
			"type": "block"
		},
		"condition": {
			"urlFilter": "||webcam-havenijmuiden.nl/media/banners2/",
			"isUrlFilterCaseSensitive": false
		}
	},
	{
		"id": 399,
		"action": {
			"type": "block"
		},
		"condition": {
			"urlFilter": "||webcam-hindeloopen.nl/media/banners/",
			"isUrlFilterCaseSensitive": false
		}
	},
	{
		"id": 400,
		"action": {
			"type": "block"
		},
		"condition": {
			"urlFilter": "||webcam-hindeloopen.nl/media/banners2/",
			"isUrlFilterCaseSensitive": false
		}
	},
	{
		"id": 401,
		"action": {
			"type": "block"
		},
		"condition": {
			"urlFilter": "||webcam-hoekvanholland.nl/media/banners/",
			"isUrlFilterCaseSensitive": false
		}
	},
	{
		"id": 402,
		"action": {
			"type": "block"
		},
		"condition": {
			"urlFilter": "||webcam-hoekvanholland.nl/media/banners2/",
			"isUrlFilterCaseSensitive": false
		}
	},
	{
		"id": 403,
		"action": {
			"type": "block"
		},
		"condition": {
			"urlFilter": "||webcam-kampen.nl/media/banners/",
			"isUrlFilterCaseSensitive": false
		}
	},
	{
		"id": 404,
		"action": {
			"type": "block"
		},
		"condition": {
			"urlFilter": "||webcam-kampen.nl/media/banners2/",
			"isUrlFilterCaseSensitive": false
		}
	},
	{
		"id": 405,
		"action": {
			"type": "block"
		},
		"condition": {
			"urlFilter": "||webcam-lauwersoog.nl/media/banners/",
			"isUrlFilterCaseSensitive": false
		}
	},
	{
		"id": 406,
		"action": {
			"type": "block"
		},
		"condition": {
			"urlFilter": "||webcam-lauwersoog.nl/media/banners2/",
			"isUrlFilterCaseSensitive": false
		}
	},
	{
		"id": 407,
		"action": {
			"type": "block"
		},
		"condition": {
			"urlFilter": "||webcam-leeuwarden.nl/media/banners/",
			"isUrlFilterCaseSensitive": false
		}
	},
	{
		"id": 408,
		"action": {
			"type": "block"
		},
		"condition": {
			"urlFilter": "||webcam-leeuwarden.nl/media/banners2/",
			"isUrlFilterCaseSensitive": false
		}
	},
	{
		"id": 409,
		"action": {
			"type": "block"
		},
		"condition": {
			"urlFilter": "||webcam-lelystad.nl/media/banners/",
			"isUrlFilterCaseSensitive": false
		}
	},
	{
		"id": 410,
		"action": {
			"type": "block"
		},
		"condition": {
			"urlFilter": "||webcam-lelystad.nl/media/banners2/",
			"isUrlFilterCaseSensitive": false
		}
	},
	{
		"id": 411,
		"action": {
			"type": "block"
		},
		"condition": {
			"urlFilter": "||webcam-maassluis.nl/media/banners/",
			"isUrlFilterCaseSensitive": false
		}
	},
	{
		"id": 412,
		"action": {
			"type": "block"
		},
		"condition": {
			"urlFilter": "||webcam-maassluis.nl/media/banners2/",
			"isUrlFilterCaseSensitive": false
		}
	},
	{
		"id": 413,
		"action": {
			"type": "block"
		},
		"condition": {
			"urlFilter": "||webcam-maastricht.nl/media/banners/",
			"isUrlFilterCaseSensitive": false
		}
	},
	{
		"id": 414,
		"action": {
			"type": "block"
		},
		"condition": {
			"urlFilter": "||webcam-maastricht.nl/media/banners2/",
			"isUrlFilterCaseSensitive": false
		}
	},
	{
		"id": 415,
		"action": {
			"type": "block"
		},
		"condition": {
			"urlFilter": "||webcam-marken.nl/media/banners/",
			"isUrlFilterCaseSensitive": false
		}
	},
	{
		"id": 416,
		"action": {
			"type": "block"
		},
		"condition": {
			"urlFilter": "||webcam-marken.nl/media/banners2/",
			"isUrlFilterCaseSensitive": false
		}
	},
	{
		"id": 417,
		"action": {
			"type": "block"
		},
		"condition": {
			"urlFilter": "||webcam-monnickendam.nl/media/banners/",
			"isUrlFilterCaseSensitive": false
		}
	},
	{
		"id": 418,
		"action": {
			"type": "block"
		},
		"condition": {
			"urlFilter": "||webcam-monnickendam.nl/media/banners2/",
			"isUrlFilterCaseSensitive": false
		}
	},
	{
		"id": 419,
		"action": {
			"type": "block"
		},
		"condition": {
			"urlFilter": "||webcam-rotterdam.nl/media/banners/",
			"isUrlFilterCaseSensitive": false
		}
	},
	{
		"id": 420,
		"action": {
			"type": "block"
		},
		"condition": {
			"urlFilter": "||webcam-rotterdam.nl/media/banners2/",
			"isUrlFilterCaseSensitive": false
		}
	},
	{
		"id": 421,
		"action": {
			"type": "block"
		},
		"condition": {
			"urlFilter": "||webcam-sneek.nl/media/banners/",
			"isUrlFilterCaseSensitive": false
		}
	},
	{
		"id": 422,
		"action": {
			"type": "block"
		},
		"condition": {
			"urlFilter": "||webcam-sneek.nl/media/banners2/",
			"isUrlFilterCaseSensitive": false
		}
	},
	{
		"id": 423,
		"action": {
			"type": "block"
		},
		"condition": {
			"urlFilter": "||webcam-terneuzen.nl/media/banners/",
			"isUrlFilterCaseSensitive": false
		}
	},
	{
		"id": 424,
		"action": {
			"type": "block"
		},
		"condition": {
			"urlFilter": "||webcam-terneuzen.nl/media/banners2/",
			"isUrlFilterCaseSensitive": false
		}
	},
	{
		"id": 425,
		"action": {
			"type": "block"
		},
		"condition": {
			"urlFilter": "||webcam-vlaardingen.nl/media/banners/",
			"isUrlFilterCaseSensitive": false
		}
	},
	{
		"id": 426,
		"action": {
			"type": "block"
		},
		"condition": {
			"urlFilter": "||webcam-vlaardingen.nl/media/banners2/",
			"isUrlFilterCaseSensitive": false
		}
	},
	{
		"id": 427,
		"action": {
			"type": "block"
		},
		"condition": {
			"urlFilter": "||webcam-volendam.nl/media/banners/",
			"isUrlFilterCaseSensitive": false
		}
	},
	{
		"id": 428,
		"action": {
			"type": "block"
		},
		"condition": {
			"urlFilter": "||webcam-volendam.nl/media/banners2/",
			"isUrlFilterCaseSensitive": false
		}
	},
	{
		"id": 429,
		"action": {
			"type": "block"
		},
		"condition": {
			"urlFilter": "||webcam-workum.nl//media/banners/",
			"isUrlFilterCaseSensitive": false
		}
	},
	{
		"id": 430,
		"action": {
			"type": "block"
		},
		"condition": {
			"urlFilter": "||webcam-workum.nl/media/banners2/",
			"isUrlFilterCaseSensitive": false
		}
	},
	{
		"id": 431,
		"action": {
			"type": "block"
		},
		"condition": {
			"urlFilter": "||webcam-zaanzicht.nl/media/banners/",
			"isUrlFilterCaseSensitive": false
		}
	},
	{
		"id": 432,
		"action": {
			"type": "block"
		},
		"condition": {
			"urlFilter": "||webcam-zaanzicht.nl/media/banners2/",
			"isUrlFilterCaseSensitive": false
		}
	},
	{
		"id": 433,
		"action": {
			"type": "block"
		},
		"condition": {
			"urlFilter": "||webcam-zoutkamp.nl/media/banners/",
			"isUrlFilterCaseSensitive": false
		}
	},
	{
		"id": 434,
		"action": {
			"type": "block"
		},
		"condition": {
			"urlFilter": "||webcam-zoutkamp.nl/media/banners2/",
			"isUrlFilterCaseSensitive": false
		}
	},
	{
		"id": 435,
		"action": {
			"type": "block"
		},
		"condition": {
			"urlFilter": "||webcam-zwartsluis.nl/media/banners/",
			"isUrlFilterCaseSensitive": false
		}
	},
	{
		"id": 436,
		"action": {
			"type": "block"
		},
		"condition": {
			"urlFilter": "||webcam-zwartsluis.nl/media/banners2/",
			"isUrlFilterCaseSensitive": false
		}
	},
	{
		"id": 437,
		"action": {
			"type": "block"
		},
		"condition": {
			"urlFilter": "||webcams-ameland.nl/media/banners/",
			"isUrlFilterCaseSensitive": false
		}
	},
	{
		"id": 438,
		"action": {
			"type": "block"
		},
		"condition": {
			"urlFilter": "||webcams-ameland.nl/media/banners2/",
			"isUrlFilterCaseSensitive": false
		}
	},
	{
		"id": 439,
		"action": {
			"type": "block"
		},
		"condition": {
			"urlFilter": "||webcams-scheveningen.nl/media/banners/",
			"isUrlFilterCaseSensitive": false
		}
	},
	{
		"id": 440,
		"action": {
			"type": "block"
		},
		"condition": {
			"urlFilter": "||webcams-scheveningen.nl/media/banners2/",
			"isUrlFilterCaseSensitive": false
		}
	},
	{
		"id": 441,
		"action": {
			"type": "block"
		},
		"condition": {
			"urlFilter": "||webcams-texel.nl/media/banners/",
			"isUrlFilterCaseSensitive": false
		}
	},
	{
		"id": 442,
		"action": {
			"type": "block"
		},
		"condition": {
			"urlFilter": "||webcams-texel.nl/media/banners2/",
			"isUrlFilterCaseSensitive": false
		}
	},
	{
		"id": 443,
		"action": {
			"type": "block"
		},
		"condition": {
			"urlFilter": "||webcams-vlissingen.nl/media/banners/",
			"isUrlFilterCaseSensitive": false
		}
	},
	{
		"id": 444,
		"action": {
			"type": "block"
		},
		"condition": {
			"urlFilter": "||webcams-vlissingen.nl/media/banners2/",
			"isUrlFilterCaseSensitive": false
		}
	},
	{
		"id": 445,
		"action": {
			"type": "block"
		},
		"condition": {
			"urlFilter": "||webcamschiermonnikoog.nl/media/banners/",
			"isUrlFilterCaseSensitive": false
		}
	},
	{
		"id": 446,
		"action": {
			"type": "block"
		},
		"condition": {
			"urlFilter": "||webcamschiermonnikoog.nl/media/banners2/",
			"isUrlFilterCaseSensitive": false
		}
	},
	{
		"id": 447,
		"action": {
			"type": "block"
		},
		"condition": {
			"urlFilter": "||webcamvlieland.nl/media/banners/",
			"isUrlFilterCaseSensitive": false
		}
	},
	{
		"id": 448,
		"action": {
			"type": "block"
		},
		"condition": {
			"urlFilter": "||webcamvlieland.nl/media/banners2/",
			"isUrlFilterCaseSensitive": false
		}
	},
	{
		"id": 449,
		"action": {
			"type": "block"
		},
		"condition": {
			"urlFilter": "||wereldstopcontacten.nl/wp-content/uploads/*/image-aff-nl.jpg",
			"isUrlFilterCaseSensitive": false
		}
	},
	{
		"id": 450,
		"action": {
			"type": "block"
		},
		"condition": {
			"urlFilter": "||wieringernieuws.nl/gfx/ads/",
			"isUrlFilterCaseSensitive": false
		}
	},
	{
		"id": 451,
		"action": {
			"type": "block"
		},
		"condition": {
			"urlFilter": "||wildfm.nl/wp-content/uploads/*/thumbnail_image002.png",
			"isUrlFilterCaseSensitive": false
		}
	},
	{
		"id": 452,
		"action": {
			"type": "block"
		},
		"condition": {
			"urlFilter": "||willem-ii.nl/banner/",
			"isUrlFilterCaseSensitive": false
		}
	},
	{
		"id": 453,
		"action": {
			"type": "block"
		},
		"condition": {
			"urlFilter": "||wp.com/amsterdamactueel.nl/wp-content/uploads/*/728x60_",
			"isUrlFilterCaseSensitive": false
		}
	},
	{
		"id": 454,
		"action": {
			"type": "block"
		},
		"condition": {
			"urlFilter": "||wp.com/romagazine.nl/14nwsite/wp-content/uploads/2021/07/amstelveen.jpg",
			"isUrlFilterCaseSensitive": false
		}
	},
	{
		"id": 455,
		"action": {
			"type": "block"
		},
		"condition": {
			"urlFilter": "||wp.com/romagazine.nl/14nwsite/wp-content/uploads/2021/07/Coordinatoromgevingsvergunningen-Rijksoverheid-",
			"isUrlFilterCaseSensitive": false
		}
	},
	{
		"id": 456,
		"action": {
			"type": "block"
		},
		"condition": {
			"urlFilter": "||wp.com/romagazine.nl/14nwsite/wp-content/uploads/2021/07/enschede.png",
			"isUrlFilterCaseSensitive": false
		}
	},
	{
		"id": 457,
		"action": {
			"type": "block"
		},
		"condition": {
			"urlFilter": "||wp.com/romagazine.nl/14nwsite/wp-content/uploads/2021/07/rijksoverheid-",
			"isUrlFilterCaseSensitive": false
		}
	},
	{
		"id": 458,
		"action": {
			"type": "block"
		},
		"condition": {
			"urlFilter": "||wp.com/romagazine.nl/14nwsite/wp-content/uploads/2021/07/seniorprojectleideralmelo.jpg",
			"isUrlFilterCaseSensitive": false
		}
	},
	{
		"id": 459,
		"action": {
			"type": "block"
		},
		"condition": {
			"urlFilter": "||wp.com/www.appletips.nl/wp-content/uploads/amacdeals.jpg",
			"isUrlFilterCaseSensitive": false
		}
	},
	{
		"id": 460,
		"action": {
			"type": "block"
		},
		"condition": {
			"urlFilter": "||wp.com/www.appletips.nl/wp-content/uploads/cnmx.png",
			"isUrlFilterCaseSensitive": false
		}
	},
	{
		"id": 461,
		"action": {
			"type": "block"
		},
		"condition": {
			"urlFilter": "||wp.com/www.appletips.nl/wp-content/uploads/upgreatest1.png",
			"isUrlFilterCaseSensitive": false
		}
	},
	{
		"id": 462,
		"action": {
			"type": "block"
		},
		"condition": {
			"urlFilter": "||wp.com/www.regionoordkop.nl/wp-content/uploads/*/banner-",
			"isUrlFilterCaseSensitive": false
		}
	},
	{
		"id": 463,
		"action": {
			"type": "block"
		},
		"condition": {
			"urlFilter": "||wp.com/www.regionoordkop.nl/wp-content/uploads/*/Bdijknov2016336x280.gif",
			"isUrlFilterCaseSensitive": false
		}
	},
	{
		"id": 464,
		"action": {
			"type": "block"
		},
		"condition": {
			"urlFilter": "||wp.com/www.regionoordkop.nl/wp-content/uploads/*/Costa.jpg",
			"isUrlFilterCaseSensitive": false
		}
	},
	{
		"id": 465,
		"action": {
			"type": "block"
		},
		"condition": {
			"urlFilter": "||zilverengoudkopen.nl/banners/",
			"isUrlFilterCaseSensitive": false
		}
	},
	{
		"id": 466,
		"action": {
			"type": "block"
		},
		"condition": {
			"urlFilter": "||zoekhulp.nl/img/bnr-",
			"isUrlFilterCaseSensitive": false
		}
	},
	{
		"id": 467,
		"action": {
			"type": "block"
		},
		"condition": {
			"urlFilter": "||zwartewaterfm.nl/images/SponsorenZwarteWaterFM.jpg",
			"isUrlFilterCaseSensitive": false
		}
	},
	{
		"id": 468,
		"action": {
			"type": "allow"
		},
		"condition": {
			"urlFilter": "||2mdn.net/instream/html5/ima3.js",
			"initiatorDomains": [
				"omroepbrabant.nl"
			],
			"resourceTypes": [
				"script"
			],
			"isUrlFilterCaseSensitive": false
		},
		"priority": 1
	},
	{
		"id": 469,
		"action": {
			"type": "allow"
		},
		"condition": {
			"urlFilter": "||advertising-module.api.dpgmedia.cloud/video/",
			"initiatorDomains": [
				"sportnieuws.nl"
			],
			"resourceTypes": [
				"xmlhttprequest"
			],
			"isUrlFilterCaseSensitive": false
		},
		"priority": 1
	},
	{
		"id": 470,
		"action": {
			"type": "allow"
		},
		"condition": {
			"urlFilter": "||aka.spotxcdn.com/integration/ados/v1/ados.js",
			"initiatorDomains": [
				"radioluisteren.fm"
			],
			"resourceTypes": [
				"script"
			],
			"isUrlFilterCaseSensitive": false
		},
		"priority": 1
	},
	{
		"id": 471,
		"action": {
			"type": "allow"
		},
		"condition": {
			"urlFilter": "||cdn.bluebillywig.com/scripts/prebid/*/bluebillywig_pbjs.js",
			"initiatorDomains": [
				"autoblog.bbvms.com"
			],
			"resourceTypes": [
				"script"
			],
			"isUrlFilterCaseSensitive": false
		},
		"priority": 1
	},
	{
		"id": 472,
		"action": {
			"type": "allow"
		},
		"condition": {
			"urlFilter": "||cdn.spotxcdn.com/integration/easi/v1/easi.js",
			"initiatorDomains": [
				"radioluisteren.fm"
			],
			"resourceTypes": [
				"script"
			],
			"isUrlFilterCaseSensitive": false
		},
		"priority": 1
	},
	{
		"id": 473,
		"action": {
			"type": "allow"
		},
		"condition": {
			"urlFilter": "||files.skoften.net/website/lib/vjs/plugins/ads/videojs.ads.min.js",
			"domainType": "firstParty",
			"resourceTypes": [
				"script"
			],
			"isUrlFilterCaseSensitive": false
		},
		"priority": 1
	},
	{
		"id": 474,
		"action": {
			"type": "allow"
		},
		"condition": {
			"urlFilter": "||imasdk.googleapis.com/js/core/bridge*.html",
			"initiatorDomains": [
				"vtm.be"
			],
			"resourceTypes": [
				"sub_frame"
			],
			"isUrlFilterCaseSensitive": false
		},
		"priority": 1
	},
	{
		"id": 475,
		"action": {
			"type": "allow"
		},
		"condition": {
			"urlFilter": "||imasdk.googleapis.com/js/sdkloader/ima3.js",
			"initiatorDomains": [
				"dailybuzz.nl",
				"skoften.net",
				"sportnieuws.nl",
				"vtm.be",
				"weerplaza.nl"
			],
			"isUrlFilterCaseSensitive": false
		},
		"priority": 1
	},
	{
		"id": 476,
		"action": {
			"type": "allow"
		},
		"condition": {
			"urlFilter": "||improvedigital.com/pbw/headerlift.min.js",
			"initiatorDomains": [
				"spelletjes.nl"
			],
			"isUrlFilterCaseSensitive": false
		},
		"priority": 1
	},
	{
		"id": 477,
		"action": {
			"type": "allow"
		},
		"condition": {
			"urlFilter": "||js.spotx.tv/ados/v1/106185.js",
			"initiatorDomains": [
				"radioluisteren.fm"
			],
			"resourceTypes": [
				"script"
			],
			"isUrlFilterCaseSensitive": false
		},
		"priority": 1
	},
	{
		"id": 478,
		"action": {
			"type": "allow"
		},
		"condition": {
			"urlFilter": "||massariuscdn.com/pubs/",
			"initiatorDomains": [
				"dailybuzz.nl",
				"radio.nl",
				"welingelichtekringen.nl"
			],
			"resourceTypes": [
				"script"
			],
			"isUrlFilterCaseSensitive": false
		},
		"priority": 1
	},
	{
		"id": 479,
		"action": {
			"type": "allow"
		},
		"condition": {
			"urlFilter": "||s0.2mdn.net/instream/html5/ima3.js",
			"initiatorDomains": [
				"autoblog.bbvms.com"
			],
			"resourceTypes": [
				"script"
			],
			"isUrlFilterCaseSensitive": false
		},
		"priority": 1
	},
	{
		"id": 480,
		"action": {
			"type": "allow"
		},
		"condition": {
			"urlFilter": "||search.spotxchange.com/js/spotx.js",
			"initiatorDomains": [
				"radioluisteren.fm"
			],
			"resourceTypes": [
				"script"
			],
			"isUrlFilterCaseSensitive": false
		},
		"priority": 1
	},
	{
		"id": 481,
		"action": {
			"type": "allow"
		},
		"condition": {
			"urlFilter": "||sync.search.spotxchange.com/partner?source=easi",
			"initiatorDomains": [
				"radioluisteren.fm"
			],
			"resourceTypes": [
				"image"
			],
			"isUrlFilterCaseSensitive": false
		},
		"priority": 1
	},
	{
		"id": 482,
		"action": {
			"type": "allow"
		},
		"condition": {
			"urlFilter": "||tools.vpscash.nl/datingv3/docs/plug_and_play/",
			"initiatorDomains": [
				"flirtmee.nl"
			],
			"resourceTypes": [
				"sub_frame"
			],
			"isUrlFilterCaseSensitive": false
		},
		"priority": 1
	},
	{
		"id": 483,
		"action": {
			"type": "allow"
		},
		"condition": {
			"urlFilter": "||adserver.hollandcasino.nl^",
			"initiatorDomains": [
				"onlinecasinoground.nl"
			],
			"resourceTypes": [
				"main_frame"
			],
			"isUrlFilterCaseSensitive": false
		},
		"priority": 1
	},
	{
		"id": 484,
		"action": {
			"type": "allow"
		},
		"condition": {
			"urlFilter": "||images.2dehands.com/api/v1/listing-twh-p/images/ad/",
			"initiatorDomains": [
				"2dehands.be"
			],
			"resourceTypes": [
				"image"
			],
			"isUrlFilterCaseSensitive": false
		},
		"priority": 1
	},
	{
		"id": 485,
		"action": {
			"type": "allow"
		},
		"condition": {
			"urlFilter": "||showmodeluitverkoop.nl/upload/advertentie/",
			"isUrlFilterCaseSensitive": false
		},
		"priority": 1
	},
	{
		"id": 486,
		"action": {
			"type": "allow"
		},
		"condition": {
			"urlFilter": "||sliedrecht24.nl/wp-content/uploads/2022/02/Banner-300x250-1.jpg.webp",
			"isUrlFilterCaseSensitive": false
		},
		"priority": 1
	},
	{
		"id": 487,
		"action": {
			"type": "allow"
		},
		"condition": {
			"urlFilter": "||te-les-koop.nl/advertenties.php",
			"isUrlFilterCaseSensitive": false
		},
		"priority": 1
	},
	{
		"id": 488,
		"action": {
			"type": "allow"
		},
		"condition": {
			"urlFilter": "||zilverengoudkopen.nl/banners/header.jpg",
			"isUrlFilterCaseSensitive": false
		},
		"priority": 1
	},
	{
		"id": 489,
		"action": {
			"type": "allow"
		},
		"condition": {
			"urlFilter": "||zilverengoudkopen.nl/banners/onder.jpg",
			"isUrlFilterCaseSensitive": false
		},
		"priority": 1
	},
	{
		"id": 490,
		"action": {
			"type": "allow"
		},
		"condition": {
			"urlFilter": "||vinatera.be/wp-content/uploads/*_300x600.",
			"domainType": "firstParty",
			"resourceTypes": [
				"image"
			],
			"isUrlFilterCaseSensitive": false
		},
		"priority": 1
	},
	{
		"id": 1264,
		"action": {
			"type": "block"
		},
		"condition": {
			"urlFilter": "||pexi.nl^",
			"domainType": "thirdParty",
			"isUrlFilterCaseSensitive": false
		}
	},
	{
		"id": 1265,
		"action": {
			"type": "block"
		},
		"condition": {
			"urlFilter": "||adconfigproxy.azurewebsites.net^",
			"domainType": "thirdParty",
			"isUrlFilterCaseSensitive": false
		}
	},
	{
		"id": 1275,
		"action": {
			"type": "block"
		},
		"condition": {
			"urlFilter": "||content2.nrc.nl^",
			"isUrlFilterCaseSensitive": false
		}
	},
	{
		"id": 1276,
		"action": {
			"type": "block"
		},
		"condition": {
			"urlFilter": "||aa.hwigroup.com^",
			"isUrlFilterCaseSensitive": false
		}
	},
	{
		"id": 1277,
		"action": {
			"type": "block"
		},
		"condition": {
			"urlFilter": "||ab.hwigroup.com^",
			"isUrlFilterCaseSensitive": false
		}
	},
	{
		"id": 1278,
		"action": {
			"type": "block"
		},
		"condition": {
			"urlFilter": "||aa.tweakers.nl^",
			"isUrlFilterCaseSensitive": false
		}
	},
	{
		"id": 1279,
		"action": {
			"type": "block"
		},
		"condition": {
			"urlFilter": "||ab.tweakers.nl^",
			"isUrlFilterCaseSensitive": false
		}
	},
	{
		"id": 1293,
		"action": {
			"type": "allow"
		},
		"condition": {
			"urlFilter": "/ad_pics/*",
			"initiatorDomains": [
				"computerworld.nl",
				"webwereld.nl"
			],
			"resourceTypes": [
				"image"
			],
			"isUrlFilterCaseSensitive": false
		},
		"priority": 1
	},
	{
		"id": 1294,
		"action": {
			"type": "allow"
		},
		"condition": {
			"urlFilter": "||tweakers.net/i^",
			"isUrlFilterCaseSensitive": false
		},
		"priority": 1
	},
	{
		"id": 1295,
		"action": {
			"type": "allow"
		},
		"condition": {
			"urlFilter": "||content.hwigroup.net/images^",
			"initiatorDomains": [
				"hardware.info"
			],
			"isUrlFilterCaseSensitive": false
		},
		"priority": 1
	},
	{
		"id": 1303,
		"action": {
			"type": "allow"
		},
		"condition": {
			"urlFilter": "/prebid/ad.gif?user=*&adId=",
			"initiatorDomains": [
				"kijk.nl"
			],
			"isUrlFilterCaseSensitive": false
		},
		"priority": 1
	},
	{
		"id": 1304,
		"action": {
			"type": "allow"
		},
		"condition": {
			"urlFilter": "||ads-talpa.adhese.com/json/",
			"initiatorDomains": [
				"kijk.nl"
			],
			"isUrlFilterCaseSensitive": false
		},
		"priority": 1
	},
	{
		"id": 1308,
		"action": {
			"type": "allow"
		},
		"condition": {
			"urlFilter": "||imasdk.googleapis.com/js/sdkloader/ima3_dai.js",
			"initiatorDomains": [
				"goplay.be"
			],
			"resourceTypes": [
				"script"
			],
			"isUrlFilterCaseSensitive": false
		},
		"priority": 1
	},
	{
		"id": 1309,
		"action": {
			"type": "redirect",
			"redirect": {
				"extensionPath": "/web-accessible-resources/redirects/noopjs.js"
			}
		},
		"condition": {
			"urlFilter": "||imasdk.googleapis.com/js/sdkloader/ima3.js",
			"initiatorDomains": [
				"goplay.be"
			],
			"resourceTypes": [
				"script"
			],
			"isUrlFilterCaseSensitive": false
		}
	},
	{
		"id": 1311,
		"action": {
			"type": "block"
		},
		"condition": {
			"urlFilter": "||goplay.be/js/sourcepoint/msg?v=",
			"isUrlFilterCaseSensitive": false
		}
	},
	{
		"id": 1322,
		"action": {
			"type": "allow"
		},
		"condition": {
			"urlFilter": "||videoplayer.dpgmedia.net/*/ad_smartads_.js",
			"initiatorDomains": [
				"vtm.be"
			],
			"isUrlFilterCaseSensitive": false
		},
		"priority": 1
	},
	{
		"id": 1324,
		"action": {
			"type": "block"
		},
		"condition": {
			"urlFilter": "||knack.be/js/responsive/rmgAdCheck.js",
			"isUrlFilterCaseSensitive": false
		}
	},
	{
		"id": 1328,
		"action": {
			"type": "allow"
		},
		"condition": {
			"urlFilter": "||indeleiderstrui.nl/media/",
			"resourceTypes": [
				"image"
			],
			"isUrlFilterCaseSensitive": false
		},
		"priority": 1
	},
	{
		"id": 1330,
		"action": {
			"type": "allow"
		},
		"condition": {
			"urlFilter": "||videoplayer.persgroep.be/*/ad_smartads_.js",
			"initiatorDomains": [
				"vtm.be"
			],
			"isUrlFilterCaseSensitive": false
		},
		"priority": 1
	},
	{
		"id": 1331,
		"action": {
			"type": "block"
		},
		"condition": {
			"urlFilter": "||a.medialaancdn.be^",
			"isUrlFilterCaseSensitive": false
		}
	},
	{
		"id": 1333,
		"action": {
			"type": "allow"
		},
		"condition": {
			"urlFilter": "||embed.kijk.nl/talpa-jw-skin/js/adsbygoogle.js",
			"initiatorDomains": [
				"embed.kijk.nl"
			],
			"resourceTypes": [
				"script"
			],
			"isUrlFilterCaseSensitive": false
		},
		"priority": 1
	},
	{
		"id": 1335,
		"action": {
			"type": "allow"
		},
		"condition": {
			"urlFilter": "||looopings.nl/peel1.js",
			"isUrlFilterCaseSensitive": false
		},
		"priority": 1
	},
	{
		"id": 1340,
		"action": {
			"type": "allow"
		},
		"condition": {
			"urlFilter": "||static.webwereld.nl/javascripts/advert.js",
			"isUrlFilterCaseSensitive": false
		},
		"priority": 1
	},
	{
		"id": 1342,
		"action": {
			"type": "allow"
		},
		"condition": {
			"urlFilter": "||v.fwmrm.net/ad/g/1",
			"initiatorDomains": [
				"player.medialaancdn.be",
				"vtm.be"
			],
			"isUrlFilterCaseSensitive": false
		},
		"priority": 1
	},
	{
		"id": 1351,
		"action": {
			"type": "allow"
		},
		"condition": {
			"urlFilter": "||gamekings.tv/wp-content/themes/*/js/ads.js",
			"isUrlFilterCaseSensitive": false
		},
		"priority": 1
	},
	{
		"id": 1353,
		"action": {
			"type": "allow"
		},
		"condition": {
			"urlFilter": "||telegraaf.tcdn.nl/javascript/ads/*",
			"domainType": "thirdParty",
			"initiatorDomains": [
				"telegraaf.nl"
			],
			"isUrlFilterCaseSensitive": false
		},
		"priority": 1
	},
	{
		"id": 1356,
		"action": {
			"type": "allow"
		},
		"condition": {
			"urlFilter": "||static.buienradar.nl/resources/js/advertisement.js",
			"isUrlFilterCaseSensitive": false
		},
		"priority": 1
	},
	{
		"id": 1358,
		"action": {
			"type": "allow"
		},
		"condition": {
			"urlFilter": "||telegraaf.tcdn.nl/javascript/showads*.js",
			"isUrlFilterCaseSensitive": false
		},
		"priority": 1
	},
	{
		"id": 1464,
		"action": {
			"type": "block"
		},
		"condition": {
			"urlFilter": "||e*.knack.be/rest/dialogues/files/*/Banner_Notificaties_AppInstall",
			"isUrlFilterCaseSensitive": false
		}
	},
	{
		"id": 1473,
		"action": {
			"type": "block"
		},
		"condition": {
			"urlFilter": "||tweakers.net/*/build/banners.*.js",
			"isUrlFilterCaseSensitive": false
		}
	},
	{
		"id": 1478,
		"action": {
			"type": "block"
		},
		"condition": {
			"urlFilter": "||itnijs.frl/wp-content/uploads/2017/10/bannerItNijs",
			"isUrlFilterCaseSensitive": false
		}
	},
	{
		"id": 1491,
		"action": {
			"type": "block"
		},
		"condition": {
			"urlFilter": "||widget.vpnnederland.nl/VPNNederland-widget.js",
			"initiatorDomains": [
				"nzbserver.com"
			],
			"isUrlFilterCaseSensitive": false
		}
	},
	{
		"id": 1506,
		"action": {
			"type": "block"
		},
		"condition": {
			"urlFilter": "||almere-nieuws.nl/banners_*.html",
			"isUrlFilterCaseSensitive": false
		}
	},
	{
		"id": 1511,
		"action": {
			"type": "block"
		},
		"condition": {
			"urlFilter": "||developers.affiliateprogramma.eu/content-wrapper/general.js",
			"initiatorDomains": [
				"autobahn.eu"
			],
			"isUrlFilterCaseSensitive": false
		}
	},
	{
		"id": 1512,
		"action": {
			"type": "block"
		},
		"condition": {
			"urlFilter": "||cdn.ster.nl/banners^",
			"isUrlFilterCaseSensitive": false
		}
	},
	{
		"id": 1524,
		"action": {
			"type": "block"
		},
		"condition": {
			"urlFilter": "||handbalstartpunt.nl/*/uploads_filemanager/Banner",
			"isUrlFilterCaseSensitive": false
		}
	},
	{
		"id": 1528,
		"action": {
			"type": "block"
		},
		"condition": {
			"urlFilter": "||gic.nl/uploads/fckconnector/",
			"resourceTypes": [
				"image"
			],
			"isUrlFilterCaseSensitive": false
		}
	},
	{
		"id": 1533,
		"action": {
			"type": "block"
		},
		"condition": {
			"urlFilter": "||nnieuws.be/sites/default/files/banner-*.gif",
			"isUrlFilterCaseSensitive": false
		}
	},
	{
		"id": 1534,
		"action": {
			"type": "block"
		},
		"condition": {
			"urlFilter": "||nnieuws.be/sites/default/files/*-300x300*.gif",
			"isUrlFilterCaseSensitive": false
		}
	},
	{
		"id": 1535,
		"action": {
			"type": "block"
		},
		"condition": {
			"urlFilter": "||oozo.nl/images/zzpbanner.png",
			"isUrlFilterCaseSensitive": false
		}
	},
	{
		"id": 1549,
		"action": {
			"type": "block"
		},
		"condition": {
			"urlFilter": "||mediareader.omroepwest.nl/gaslicht^",
			"isUrlFilterCaseSensitive": false
		}
	},
	{
		"id": 1550,
		"action": {
			"type": "block"
		},
		"condition": {
			"urlFilter": "||unity.nu/media/*/BANNERS/",
			"isUrlFilterCaseSensitive": false
		}
	},
	{
		"id": 1551,
		"action": {
			"type": "block"
		},
		"condition": {
			"urlFilter": "||topomania.net/sites/topomania.net/images/pacnum-promo.png",
			"isUrlFilterCaseSensitive": false
		}
	},
	{
		"id": 1553,
		"action": {
			"type": "block"
		},
		"condition": {
			"urlFilter": "||pornozot.com/js/compiled/exo-",
			"isUrlFilterCaseSensitive": false
		}
	},
	{
		"id": 1554,
		"action": {
			"type": "block"
		},
		"condition": {
			"urlFilter": "||pornozot.com/js/compiled/custom-vendor.js",
			"isUrlFilterCaseSensitive": false
		}
	},
	{
		"id": 1563,
		"action": {
			"type": "block"
		},
		"condition": {
			"urlFilter": "||iframe.gsminfo.nl/*/populair-beknopt^",
			"initiatorDomains": [
				"allaboutphones.nl"
			],
			"isUrlFilterCaseSensitive": false
		}
	},
	{
		"id": 1593,
		"action": {
			"type": "block"
		},
		"condition": {
			"urlFilter": "||bs.serving-sys.com/BurstingPipe/adServer.bs",
			"initiatorDomains": [
				"kijk.nl"
			],
			"isUrlFilterCaseSensitive": false
		}
	},
	{
		"id": 1594,
		"action": {
			"type": "block"
		},
		"condition": {
			"urlFilter": "||cdn.sbsnet.nl/creatives/assets/*.mp4",
			"initiatorDomains": [
				"kijk.nl"
			],
			"isUrlFilterCaseSensitive": false
		}
	},
	{
		"id": 1595,
		"action": {
			"type": "block"
		},
		"condition": {
			"urlFilter": "||d33t3vvu2t2yu5.cloudfront.net^",
			"initiatorDomains": [
				"nl.express.live"
			],
			"isUrlFilterCaseSensitive": false
		}
	},
	{
		"id": 1596,
		"action": {
			"type": "block"
		},
		"condition": {
			"urlFilter": "||diomerc.com/baner/",
			"isUrlFilterCaseSensitive": false
		}
	},
	{
		"id": 1597,
		"action": {
			"type": "block"
		},
		"condition": {
			"urlFilter": "||m.telegraaf.nl/static/lib/bva-widget.html?without-raid",
			"isUrlFilterCaseSensitive": false
		}
	},
	{
		"id": 1598,
		"action": {
			"type": "block"
		},
		"condition": {
			"urlFilter": "||pcnltelecom.tdsapi.com/portal/iframe.js",
			"isUrlFilterCaseSensitive": false
		}
	},
	{
		"id": 1599,
		"action": {
			"type": "block"
		},
		"condition": {
			"urlFilter": "||serving-sys.com/*.mp4^",
			"initiatorDomains": [
				"kijk.nl"
			],
			"isUrlFilterCaseSensitive": false
		}
	},
	{
		"id": 1600,
		"action": {
			"type": "block"
		},
		"condition": {
			"urlFilter": "||totaaltv.nl/upload/Banner-sep-astrasat.gif",
			"isUrlFilterCaseSensitive": false
		}
	},
	{
		"id": 1622,
		"action": {
			"type": "allow"
		},
		"condition": {
			"urlFilter": "||markup.nieuwsblad.be/extra/assets/advertising/dfp-setup.js",
			"isUrlFilterCaseSensitive": false
		},
		"priority": 1
	},
	{
		"id": 1623,
		"action": {
			"type": "allow"
		},
		"condition": {
			"urlFilter": "||markup.nieuwsblad.be/extra/assets/advertising/prebid.js",
			"isUrlFilterCaseSensitive": false
		},
		"priority": 1
	},
	{
		"id": 1624,
		"action": {
			"type": "redirect",
			"redirect": {
				"extensionPath": "/web-accessible-resources/redirects/googletagservices-gpt.js"
			}
		},
		"condition": {
			"urlFilter": "||securepubads.g.doubleclick.net/tag/js/gpt.js",
			"initiatorDomains": [
				"nieuwsblad.be"
			],
			"resourceTypes": [
				"script"
			],
			"isUrlFilterCaseSensitive": false
		}
	},
	{
		"id": 1626,
		"action": {
			"type": "allow"
		},
		"condition": {
			"urlFilter": "||securepubads.g.doubleclick.net/gpt/pubads_impl_*.js",
			"initiatorDomains": [
				"standaard.be"
			],
			"isUrlFilterCaseSensitive": false
		},
		"priority": 1
	},
	{
		"id": 1627,
		"action": {
			"type": "allow"
		},
		"condition": {
			"urlFilter": "||securepubads.g.doubleclick.net/tag/js/gpt.js",
			"initiatorDomains": [
				"standaard.be"
			],
			"isUrlFilterCaseSensitive": false
		},
		"priority": 1
	},
	{
		"id": 1628,
		"action": {
			"type": "allow"
		},
		"condition": {
			"urlFilter": "||markup.standaard.be/extra/assets/advertising/dfp-setup.js",
			"isUrlFilterCaseSensitive": false
		},
		"priority": 1
	},
	{
		"id": 1629,
		"action": {
			"type": "allow"
		},
		"condition": {
			"urlFilter": "||markup.standaard.be/extra/assets/advertising/prebid.js",
			"isUrlFilterCaseSensitive": false
		},
		"priority": 1
	},
	{
		"id": 1631,
		"action": {
			"type": "allow"
		},
		"condition": {
			"urlFilter": "||player.ooyala.com/static/*/ad-plugin/",
			"initiatorDomains": [
				"qmusic.nl"
			],
			"isUrlFilterCaseSensitive": false
		},
		"priority": 1
	},
	{
		"id": 1633,
		"action": {
			"type": "allow"
		},
		"condition": {
			"urlFilter": "||kpn.com^",
			"domainType": "thirdParty",
			"isUrlFilterCaseSensitive": false
		},
		"priority": 1
	},
	{
		"id": 1639,
		"action": {
			"type": "allow"
		},
		"condition": {
			"urlFilter": "||media.boomads.com/images^",
			"initiatorDomains": [
				"telegraaf.nl"
			],
			"isUrlFilterCaseSensitive": false
		},
		"priority": 1
	},
	{
		"id": 1641,
		"action": {
			"type": "allow"
		},
		"condition": {
			"urlFilter": "||cdn-static.liverail.com/swf/",
			"initiatorDomains": [
				"dumpert.nl"
			],
			"isUrlFilterCaseSensitive": false
		},
		"priority": 1
	},
	{
		"id": 1642,
		"action": {
			"type": "allow"
		},
		"condition": {
			"urlFilter": "||cdn-static.liverail.com/crossdomain.xml",
			"initiatorDomains": [
				"dumpert.nl"
			],
			"isUrlFilterCaseSensitive": false
		},
		"priority": 1
	},
	{
		"id": 1644,
		"action": {
			"type": "allow"
		},
		"condition": {
			"urlFilter": "||publiekeomroep.nl^",
			"initiatorDomains": [
				"cinema.nl"
			],
			"resourceTypes": [
				"stylesheet",
				"script"
			],
			"isUrlFilterCaseSensitive": false
		},
		"priority": 1
	}
]