[
  {
    "id": 1,
    "priority": 1,
    "action": { "type": "block" },
    "condition": {
      "domains": ["youtube.com"],
      "urlFilter": "||youtube.com/api/stats/qoe?",
      "resourceTypes": ["ping"]
    }
  },
  {
    "id": 2,
    "priority": 1,
    "action": { "type": "block" },
    "condition": {
      "domains": ["youtube.com"],
      "urlFilter": "doubleclick.net",
      "resourceTypes": ["script"]
    }
  },
  {
    "id": 3,
    "priority": 1,
    "action": { "type": "block" },
    "condition": {
      "domains": ["youtube.com"],
      "urlFilter": "/v1/log_event",
      "resourceTypes": ["xmlhttprequest"]
    }
  },
  {
    "id": 4,
    "priority": 1,
    "action": { "type": "block" },
    "condition": {
      "domains": ["youtube.com"],
      "urlFilter": "/generate_204",
      "resourceTypes": ["image", "other"]
    }
  },
  {
    "id": 5,
    "priority": 1,
    "action": { "type": "block" },
    "condition": {
      "domains": ["youtube.com"],
      "urlFilter": "||youtube.com/ptracking?",
      "resourceTypes": ["image"]
    }
  },
  {
    "id": 6,
    "priority": 1,
    "action": { "type": "block" },
    "condition": {
      "domains": ["youtube.com"],
      "urlFilter": "/pagead/lvz?",
      "resourceTypes": ["image"]
    }
  },
  {
    "id": 7,
    "priority": 1,
    "action": { "type": "block" },
    "condition": {
      "domains": ["youtube.com"],
      "urlFilter": "||google.com/gen_204?",
      "resourceTypes": ["image"]
    }
  },
  {
    "id": 8,
    "priority": 1,
    "action": {
      "type": "redirect",
      "redirect": { "extensionPath": "/targets/noop.txt" }
    },
    "condition": {
      "domains": ["youtube.com"],
      "urlFilter": "googleads.g.doubleclick.net/pagead/id",
      "resourceTypes": ["xmlhttprequest"]
    }
  }
]
