{
  "706": {
    "name": "Google Analytics",
    "category": "WebAnalytics"
  },
  "39": {
    "name": "Google+",
    "category": "Social"
  },
  "110": {
    "name": "Linkedin",
    "category": "Social"
  },
  "135": {
    "name": "Disqus",
    "category": "Social"
  },
  "400": {
    "name": "Pinterest",
    "category": "Social"
  },
  "703": {
    "name": "Facebook",
    "category": "Social"
  },
  "704": {
    "name": "Twitter",
    "category": "Social"
  },
  "705": {
    "name": "Doubleclick",
    "category": "AdTracking"
  },
  "707": {
    "name": "Appnexus",
    "category": "AdTracking"
  },
  "708": {
    "name": "Quantcast",
    "category": "AdTracking"
  },
  "710": {
    "name": "Google Static",
    "category": "WebAnalytics"
  },
  "711": {
    "name": "Scorecard Research",
    "category": "WebAnalytics"
  },
  "712": {
    "name": "AddThis",
    "category": "Social"
  },
  "714": {
    "name": "Google Adsense",
    "category": "AdTracking"
  },
  "715": {
    "name": "ShareThis",
    "category": "Social"
  },
  "716": {
    "name": "Yahoo Ad YieldManager",
    "category": "AdTracking"
  },
  "717": {
    "name": "Rubicon",
    "category": "AdTracking"
  },
  "718": {
    "name": "Turn",
    "category": "AdTracking"
  },
  "719": {
    "name": "BlueKai",
    "category": "AdTracking"
  },
  "720": {
    "name": "Invite Media by Google",
    "category": "AdTracking"
  },
  "721": {
    "name": "Google Admeld",
    "category": "AdTracking"
  },
  "722": {
    "name": "Twitter Counter",
    "category": "AdTracking"
  },
  "723": {
    "name": "OpenX",
    "category": "AdTracking"
  },
  "724": {
    "name": "Criteo",
    "category": "AdTracking"
  },
  "725": {
    "name": "PubMatic",
    "category": "AdTracking"
  },
  "726": {
    "name": "CNZZ",
    "category": "WebAnalytics"
  },
  "727": {
    "name": "StatCounter",
    "category": "WebAnalytics"
  },
  "728": {
    "name": "Chartbeat",
    "category": "WebAnalytics"
  },
  "729": {
    "name": "Google GPT",
    "category": "AdTracking"
  },
  "730": {
    "name": "Atlas Advertiser Suite",
    "category": "AdTracking"
  },
  "731": {
    "name": "Simplicity Marketing Ltd",
    "category": "AdTracking"
  },
  "732": {
    "name": "AdTech AOL ",
    "category": "AdTracking"
  },
  "733": {
    "name": "Gemius SA",
    "category": "AdTracking"
  },
  "734": {
    "name": "Mediamind DG",
    "category": "AdTracking"
  },
  "735": {
    "name": "MediaMath",
    "category": "AdTracking"
  },
  "736": {
    "name": "ExoClick",
    "category": "AdTracking"
  },
  "737": {
    "name": "PulsePoint",
    "category": "AdTracking"
  },
  "738": {
    "name": "Tribal Fusion, Inc.",
    "category": "AdTracking"
  },
  "739": {
    "name": "Brightcove, Inc",
    "category": "AdTracking"
  },
  "740": {
    "name": "Tynt by 33across.com",
    "category": "AdTracking"
  },
  "741": {
    "name": "AdRoll",
    "category": "AdTracking"
  },
  "742": {
    "name": "Zedo, Inc.",
    "category": "AdTracking"
  },
  "743": {
    "name": "Smart AdServer",
    "category": "AdTracking"
  },
  "744": {
    "name": "Zanox Ltd",
    "category": "AdTracking"
  },
  "745": {
    "name": "BuySellAds.com",
    "category": "AdTracking"
  },
  "746": {
    "name": "Media Innovation Group",
    "category": "AdTracking"
  },
  "747": {
    "name": "Vibrant Media",
    "category": "AdTracking"
  },
  "748": {
    "name": "PlugRush",
    "category": "AdTracking"
  },
  "749": {
    "name": "eXelate",
    "category": "AdTracking"
  },
  "751": {
    "name": "AudienceScience Inc.",
    "category": "AdTracking"
  },
  "752": {
    "name": "AdScale",
    "category": "AdTracking"
  },
  "753": {
    "name": "Nielsen",
    "category": "AdTracking"
  },
  "754": {
    "name": "Lotame",
    "category": "AdTracking"
  },
  "755": {
    "name": "whos.amung.us Inc.",
    "category": "WebAnalytics"
  },
  "756": {
    "name": "Mediaplex",
    "category": "WebAnalytics"
  },
  "758": {
    "name": "2o7.net",
    "category": "WebAnalytics"
  },
  "759": {
    "name": "Improve Digital",
    "category": "AdTracking"
  },
  "760": {
    "name": "Histats",
    "category": "WebAnalytics"
  },
  "761": {
    "name": "Say Media",
    "category": "AdTracking"
  },
  "762": {
    "name": "INFOnline GmbH",
    "category": "WebAnalytics"
  },
  "763": {
    "name": "Adobe AudienceManager",
    "category": "AdTracking"
  },
  "764": {
    "name": "Advertising.com",
    "category": "AdTracking"
  },
  "765": {
    "name": "DataXu, Inc.",
    "category": "AdTracking"
  },
  "766": {
    "name": "Datalogix",
    "category": "AdTracking"
  },
  "767": {
    "name": "AdOcean",
    "category": "AdTracking"
  },
  "768": {
    "name": "Advanced Store",
    "category": "AdTracking"
  },
  "769": {
    "name": "Effective Measure",
    "category": "WebAnalytics"
  },
  "770": {
    "name": "TRUSTe",
    "category": "AdTracking"
  },
  "771": {
    "name": "JuicyAds",
    "category": "AdTracking"
  },
  "772": {
    "name": "Heias AdServing Tech.",
    "category": "AdTracking"
  },
  "773": {
    "name": "Redvertisment",
    "category": "AdTracking"
  },
  "774": {
    "name": "Rocket Fuel Inc.",
    "category": "AdTracking"
  },
  "775": {
    "name": "Caraytech",
    "category": "AdTracking"
  },
  "776": {
    "name": "Tumblr",
    "category": "Social"
  },
  "777": {
    "name": "Internet BillBoard",
    "category": "AdTracking"
  },
  "778": {
    "name": "Optimizely",
    "category": "WebAnalytics"
  },
  "779": {
    "name": "Omniture",
    "category": "WebAnalytics"
  },
  "780": {
    "name": "Rambler Media",
    "category": "WebAnalytics"
  },
  "781": {
    "name": "AdFox",
    "category": "AdTracking"
  },
  "782": {
    "name": "Mail.Ru Group",
    "category": "WebAnalytics"
  },
  "783": {
    "name": "XiTi By AT Internet",
    "category": "WebAnalytics"
  },
  "784": {
    "name": "Chango",
    "category": "AdTracking"
  },
  "785": {
    "name": "New Relic",
    "category": "WebAnalytics"
  },
  "786": {
    "name": "AudienceRate Ltd",
    "category": "AdTracking"
  },
  "787": {
    "name": "Casale Media",
    "category": "AdTracking"
  },
  "788": {
    "name": "LiveRamp, Inc.",
    "category": "AdTracking"
  },
  "789": {
    "name": "Neustar AdAdvisor",
    "category": "AdTracking"
  },
  "790": {
    "name": "Direct/Advert",
    "category": "AdTracking"
  },
  "791": {
    "name": "SiteScout",
    "category": "AdTracking"
  },
  "792": {
    "name": "Google GTM",
    "category": "WebAnalytics"
  },
  "793": {
    "name": "ValueClick Media",
    "category": "AdTracking"
  },
  "794": {
    "name": "Simpli.fi",
    "category": "AdTracking"
  },
  "795": {
    "name": "The Trade Desk",
    "category": "AdTracking"
  },
  "796": {
    "name": "Adobe Typekit",
    "category": "Others"
  },
  "797": {
    "name": "Alexa",
    "category": "WebAnalytics"
  },
  "798": {
    "name": "24/7 Real Media",
    "category": "AdTracking"
  },
  "799": {
    "name": "EroAdvertising",
    "category": "AdTracking"
  },
  "800": {
    "name": "News Distribution Network",
    "category": "AdTracking"
  },
  "801": {
    "name": "TNS Gallup Media",
    "category": "AdTracking"
  },
  "802": {
    "name": "Bizo Bizographic",
    "category": "AdTracking"
  },
  "803": {
    "name": "Burst Media",
    "category": "AdTracking"
  },
  "804": {
    "name": "[x+1]",
    "category": "AdTracking"
  },
  "805": {
    "name": "Dstillery",
    "category": "AdTracking"
  },
  "806": {
    "name": "Telemetry",
    "category": "AdTracking"
  },
  "807": {
    "name": "RadiumOne",
    "category": "Social"
  },
  "808": {
    "name": "AdPepper Media",
    "category": "AdTracking"
  },
  "809": {
    "name": "TLVMedia",
    "category": "AdTracking"
  },
  "810": {
    "name": "Feedjit",
    "category": "WebAnalytics"
  },
  "811": {
    "name": "MicroAd",
    "category": "AdTracking"
  },
  "812": {
    "name": "Adform",
    "category": "AdTracking"
  },
  "813": {
    "name": "AdRiver",
    "category": "AdTracking"
  },
  "814": {
    "name": "Lijit Networks",
    "category": "AdTracking"
  },
  "815": {
    "name": "ADITION",
    "category": "AdTracking"
  },
  "816": {
    "name": "Ligatus",
    "category": "AdTracking"
  },
  "817": {
    "name": "Digilant",
    "category": "AdTracking"
  },
  "818": {
    "name": "SpotXchange",
    "category": "AdTracking"
  },
  "819": {
    "name": "Tradedoubler",
    "category": "AdTracking"
  },
  "820": {
    "name": "i-mobile Co.",
    "category": "AdTracking"
  },
  "821": {
    "name": "Admeta",
    "category": "AdTracking"
  },
  "822": {
    "name": "Adconion Media Group",
    "category": "AdTracking"
  },
  "823": {
    "name": "Acxiom Corporation",
    "category": "AdTracking"
  },
  "824": {
    "name": "Krux",
    "category": "WebAnalytics"
  },
  "825": {
    "name": "Sociomantic Labs",
    "category": "AdTracking"
  },
  "826": {
    "name": "Federated Media Publishing",
    "category": "AdTracking"
  },
  "827": {
    "name": "Weborama",
    "category": "AdTracking"
  },
  "828": {
    "name": "nonstopConsulting",
    "category": "AdTracking"
  },
  "829": {
    "name": "Contentspread",
    "category": "AdTracking"
  },
  "830": {
    "name": "DoubleVerify",
    "category": "AdTracking"
  },
  "831": {
    "name": "Adzerk",
    "category": "AdTracking"
  },
  "832": {
    "name": "AdSpirit",
    "category": "AdTracking"
  },
  "833": {
    "name": "Specific Media",
    "category": "AdTracking"
  },
  "834": {
    "name": "AdXpansion",
    "category": "AdTracking"
  },
  "835": {
    "name": "OwnerIQ",
    "category": "AdTracking"
  },
  "836": {
    "name": "CPMStar",
    "category": "AdTracking"
  },
  "837": {
    "name": "Adlabs Media Network",
    "category": "AdTracking"
  },
  "838": {
    "name": "Webtrends",
    "category": "WebAnalytics"
  },
  "839": {
    "name": "AOL Time Warner",
    "category": "AdTracking"
  },
  "840": {
    "name": "Brandscreen",
    "category": "AdTracking"
  },
  "841": {
    "name": "Media.net",
    "category": "AdTracking"
  },
  "842": {
    "name": "Active Performance",
    "category": "AdTracking"
  },
  "843": {
    "name": "Experian Marketing Services",
    "category": "AdTracking"
  },
  "844": {
    "name": "Coremetrics",
    "category": "WebAnalytics"
  },
  "845": {
    "name": "Dotomi",
    "category": "AdTracking"
  },
  "846": {
    "name": "Chitika",
    "category": "AdTracking"
  },
  "847": {
    "name": "TownNews.com",
    "category": "AdTracking"
  },
  "848": {
    "name": "StumbleUpon",
    "category": "Social"
  },
  "849": {
    "name": "Triggit",
    "category": "AdTracking"
  },
  "850": {
    "name": "Site Meter",
    "category": "WebAnalytics"
  },
  "851": {
    "name": "ClixSense",
    "category": "AdTracking"
  },
  "852": {
    "name": "Google Feedburner",
    "category": "Social"
  },
  "853": {
    "name": "Aggregate Knowledge",
    "category": "AdTracking"
  },
  "854": {
    "name": "Matomy Media Group",
    "category": "AdTracking"
  },
  "855": {
    "name": "LiveRail",
    "category": "AdTracking"
  },
  "856": {
    "name": "Adify",
    "category": "AdTracking"
  },
  "857": {
    "name": "Adverticum",
    "category": "AdTracking"
  },
  "858": {
    "name": "AWeber",
    "category": "Others"
  },
  "859": {
    "name": "Connexity",
    "category": "AdTracking"
  },
  "860": {
    "name": "Collective",
    "category": "AdTracking"
  },
  "861": {
    "name": "Tremor Video",
    "category": "AdTracking"
  },
  "862": {
    "name": "Tealium",
    "category": "AdTracking"
  },
  "863": {
    "name": "Adap.tv",
    "category": "AdTracking"
  },
  "864": {
    "name": "DMG",
    "category": "AdTracking"
  },
  "865": {
    "name": "nugg.ad",
    "category": "AdTracking"
  },
  "866": {
    "name": "KISSmetrics",
    "category": "WebAnalytics"
  },
  "867": {
    "name": "Hatena",
    "category": "Social"
  },
  "868": {
    "name": "Clicky",
    "category": "WebAnalytics"
  },
  "869": {
    "name": "Target Performance",
    "category": "AdTracking"
  },
  "870": {
    "name": "myThings",
    "category": "AdTracking"
  },
  "871": {
    "name": "Cedexis",
    "category": "WebAnalytics"
  },
  "872": {
    "name": "CastAClip",
    "category": "AdTracking"
  },
  "873": {
    "name": "Twenty Four Interactive",
    "category": "AdTracking"
  },
  "874": {
    "name": "Cross Pixel",
    "category": "AdTracking"
  },
  "875": {
    "name": "D.A.Consortium",
    "category": "AdTracking"
  },
  "876": {
    "name": "Tanx",
    "category": "AdTracking"
  },
  "877": {
    "name": "51.La",
    "category": "WebAnalytics"
  },
  "878": {
    "name": "Expedia",
    "category": "AdTracking"
  },
  "879": {
    "name": "Skimlinks",
    "category": "AdTracking"
  },
  "880": {
    "name": "ClickTale",
    "category": "WebAnalytics"
  },
  "881": {
    "name": "Sina Weibo",
    "category": "Social"
  },
  "882": {
    "name": "Yieldlab",
    "category": "AdTracking"
  },
  "883": {
    "name": "Exponential Interactive",
    "category": "AdTracking"
  },
  "884": {
    "name": "Outbrain",
    "category": "Others"
  },
  "885": {
    "name": "Navegg",
    "category": "AdTracking"
  },
  "886": {
    "name": "AudienceTV",
    "category": "AdTracking"
  },
  "887": {
    "name": "YuMe, Inc.",
    "category": "AdTracking"
  },
  "888": {
    "name": "LinkWithin",
    "category": "Social"
  },
  "889": {
    "name": "YD World",
    "category": "AdTracking"
  },
  "890": {
    "name": "QQ Widgets",
    "category": "Social"
  },
  "891": {
    "name": "Affilinet",
    "category": "AdTracking"
  },
  "892": {
    "name": "UserVoice",
    "category": "Social"
  },
  "893": {
    "name": "Brandwire",
    "category": "AdTracking"
  },
  "894": {
    "name": "Visual Website Optimizer",
    "category": "Others"
  },
  "895": {
    "name": "TeaserNet",
    "category": "AdTracking"
  },
  "896": {
    "name": "99Widgets",
    "category": "Social"
  },
  "897": {
    "name": "AdJug",
    "category": "AdTracking"
  },
  "898": {
    "name": "OpenStat",
    "category": "WebAnalytics"
  },
  "899": {
    "name": "Eloqua",
    "category": "AdTracking"
  },
  "900": {
    "name": "Accuen",
    "category": "AdTracking"
  },
  "901": {
    "name": "Technorati Media",
    "category": "AdTracking"
  },
  "902": {
    "name": "Forumotion",
    "category": "Others"
  },
  "903": {
    "name": "Switch Concepts",
    "category": "AdTracking"
  },
  "904": {
    "name": "Truehits.net",
    "category": "WebAnalytics"
  },
  "905": {
    "name": "Begun",
    "category": "AdTracking"
  },
  "906": {
    "name": "Yahoo BlueLithium",
    "category": "AdTracking"
  },
  "907": {
    "name": "Future",
    "category": "AdTracking"
  },
  "908": {
    "name": "R7",
    "category": "AdTracking"
  },
  "909": {
    "name": "eBay Affiliate",
    "category": "AdTracking"
  },
  "910": {
    "name": "Commission Junction",
    "category": "AdTracking"
  },
  "911": {
    "name": "Olark",
    "category": "Others"
  },
  "912": {
    "name": "MadAds Media",
    "category": "AdTracking"
  },
  "913": {
    "name": "Videology",
    "category": "AdTracking"
  },
  "914": {
    "name": "Adorika Media Ltd",
    "category": "AdTracking"
  },
  "915": {
    "name": "Amazon Affiliate",
    "category": "AdTracking"
  },
  "916": {
    "name": "i2i.jp",
    "category": "WebAnalytics"
  },
  "917": {
    "name": "Visual Revenue - Outbrain",
    "category": "WebAnalytics"
  },
  "918": {
    "name": "Ebay Enterprise",
    "category": "AdTracking"
  },
  "919": {
    "name": "Ebuzzing",
    "category": "AdTracking"
  },
  "920": {
    "name": "Mixpanel",
    "category": "WebAnalytics"
  },
  "921": {
    "name": "OLX",
    "category": "AdTracking"
  },
  "922": {
    "name": "AdvertStream",
    "category": "AdTracking"
  },
  "923": {
    "name": "BuzzFeed Widgets",
    "category": "Social"
  },
  "924": {
    "name": "Netmining",
    "category": "AdTracking"
  },
  "925": {
    "name": "United Internet Media",
    "category": "AdTracking"
  },
  "926": {
    "name": "Clicksor",
    "category": "AdTracking"
  },
  "927": {
    "name": "BidVertiser",
    "category": "AdTracking"
  }
}