{"v":"4.8.0","meta":{"g":"LottieFiles AE 3.5.4","a":"","k":"","d":"","tc":""},"fr":25,"ip":0,"op":125,"w":510,"h":240,"assets":[],"fonts":{"list":[{"fName":"Poppins-Medium","fFamily":"Poppins","fStyle":"Medium","ascent":74}]},"layers":[{"ind":1,"ty":4,"sr":1,"ks":{"o":{"a":0,"k":100},"r":{"a":0,"k":0},"p":{"a":1,"k":[{"i":{"x":0,"y":1},"o":{"x":0.33,"y":0},"t":75,"s":[208,262,0],"to":[21.25,-37.25,0],"ti":[-21.25,37.25,0]},{"i":{"x":0.83,"y":0.83},"o":{"x":0.33,"y":0.33},"t":90,"s":[335.5,38.5,0],"to":[0,0,0],"ti":[0,0,0]},{"i":{"x":0.83,"y":0.83},"o":{"x":0.17,"y":0.17},"t":100,"s":[335.5,38.5,0],"to":[0,0.67,0],"ti":[0,0,0]},{"i":{"x":0.83,"y":0.83},"o":{"x":0.17,"y":0.17},"t":105,"s":[335.5,42.5,0],"to":[0,0,0],"ti":[0,0.67,0]},{"t":110,"s":[335.5,38.5,0]}]},"a":{"a":0,"k":[0,0,0]},"s":{"a":0,"k":[70,70,100]}},"ao":0,"shapes":[{"ind":0,"ty":"sh","ks":{"a":0,"k":{"i":[[0.1,0],[0.2,0.1],[0.2,0.2],[0,0],[0,0],[0.3,0],[0.1,0.1],[0,0.4],[0,0],[-0.4,0.1],[-0.1,0],[-0.2,-0.2],[0,0],[0.1,-0.4],[0.4,-0.1],[0,0],[0,0],[0.1,-0.3],[0.2,-0.1],[0,0]],"o":[[-0.1,0],[-0.2,-0.1],[0,0],[0,0],[-0.1,0.2],[-0.1,0],[-0.3,-0.1],[0,0],[0,-0.4],[0.1,-0.1],[0.2,0],[0,0],[0.3,0.3],[-0.1,0.4],[0,0],[0,0],[0.1,0.2],[-0.1,0.2],[0,0],[-0.2,-0.2]],"v":[[1.75,14.25],[1.35,14.15],[0.75,13.65],[-2.95,5.05],[-7.45,9.25],[-8.05,9.55],[-8.45,9.45],[-9.05,8.55],[-9.05,-13.45],[-8.45,-14.35],[-8.05,-14.45],[-7.35,-14.15],[8.65,0.85],[8.95,1.95],[8.05,2.65],[1.75,3.25],[5.65,11.75],[5.65,12.55],[5.15,13.15],[2.25,14.45]],"c":true}}},{"ty":"fl","c":{"a":0,"k":[0.118,0.118,0.118,1]},"o":{"a":0,"k":100},"r":1}],"ip":75,"op":525,"st":75},{"ind":2,"ty":3,"sr":1,"ks":{"o":{"a":0,"k":0},"r":{"a":0,"k":0},"p":{"a":1,"k":[{"i":{"x":0,"y":1},"o":{"x":0.33,"y":0},"t":50,"s":[255,120,0],"to":[-6.5,9.67,0],"ti":[6.5,-9.67,0]},{"t":65,"s":[216,178,0]}]},"a":{"a":0,"k":[0,0,0]},"s":{"a":0,"k":[100,100,100]}},"ao":0,"ip":0,"op":450,"st":0},{"ind":3,"ty":4,"parent":2,"sr":1,"ks":{"o":{"a":0,"k":100},"r":{"a":0,"k":0},"p":{"a":0,"k":[105.63,-152.19,0]},"a":{"a":0,"k":[0,0,0]},"s":{"a":0,"k":[180,180,100]}},"ao":0,"shapes":[{"ty":"gr","it":[{"ind":0,"ty":"sh","ks":{"a":0,"k":{"i":[[0.33,0],[0,-0.42],[-0.33,0],[0,0.42]],"o":[[-0.33,0],[0,0.42],[0.33,0],[0,-0.42]],"v":[[1.47,0.16],[0.87,0.92],[1.47,1.68],[2.08,0.92]],"c":true}}},{"ind":1,"ty":"sh","ks":{"a":0,"k":{"i":[[0.33,0],[0,-0.42],[-0.33,0],[0,0.42]],"o":[[-0.33,0],[0,0.42],[0.33,0],[0,-0.42]],"v":[[-1.46,0.17],[-2.06,0.94],[-1.46,1.7],[-0.86,0.94]],"c":true}}},{"ind":2,"ty":"sh","ks":{"a":0,"k":{"i":[[0.08,0],[0.02,-0.07],[1.16,0],[0.46,1.33],[0.06,0],[-0.01,-0.11],[-1.45,0],[-0.17,1.84]],"o":[[-0.06,0],[-0.46,1.33],[-1.16,0],[-0.02,-0.07],[-0.08,0],[0.17,1.84],[1.45,0],[0.01,-0.11]],"v":[[2.92,1.83],[2.79,1.93],[0.01,3.92],[-2.78,1.93],[-2.91,1.83],[-3.07,2],[0.01,4.76],[3.08,2]],"c":true}}},{"ty":"fl","c":{"a":0,"k":[0.196,0.188,0.184,1]},"o":{"a":0,"k":100},"r":1},{"ty":"tr","p":{"a":0,"k":[0,0.05]},"a":{"a":0,"k":[0,0.05]},"s":{"a":0,"k":[100,100]},"r":{"a":0,"k":0},"o":{"a":0,"k":100},"sk":{"a":0,"k":0},"sa":{"a":0,"k":0}}]},{"ty":"gr","it":[{"ind":0,"ty":"sh","ks":{"a":0,"k":{"i":[[0,0],[0.24,-0.59],[0.1,0.24],[-0.04,1.52],[0.19,-0.2],[0.95,-1.32],[0.09,0.24],[0.46,0.5],[0,-0.27],[-0.01,-2.02],[-2.69,0],[-0.02,2.67],[-0.15,1.74],[0.18,-0.2]],"o":[[-0.41,0.45],[-0.1,0.25],[-0.68,-2.38],[0.01,-0.27],[-1.53,1.39],[-0.11,0.23],[-0.23,-0.65],[-0.18,-0.2],[0.19,2.07],[0.01,2.67],[2.69,0],[0.01,-2.02],[0,-0.26],[0,0]],"v":[[3.73,-3.14],[2.72,-1.51],[2.19,-1.51],[0.14,-6.18],[-0.35,-6.39],[-2.12,-1.28],[-2.66,-1.31],[-3.74,-3.14],[-4.24,-2.93],[-4.9,1.77],[0,6.59],[4.9,1.77],[4.24,-2.94],[3.74,-3.14]],"c":true}}},{"ty":"gf","o":{"a":0,"k":100},"r":1,"g":{"p":3,"k":{"a":0,"k":[0,1,0.39,0,0.5,1,0.56,0.49,1,1,0.73,0.97]}},"s":{"a":0,"k":[-1.32,-3.7]},"e":{"a":0,"k":[3.22,6.14]},"t":1},{"ty":"tr","p":{"a":0,"k":[0,0.05]},"a":{"a":0,"k":[0,0.05]},"s":{"a":0,"k":[100,100]},"r":{"a":0,"k":0},"o":{"a":0,"k":100},"sk":{"a":0,"k":0},"sa":{"a":0,"k":0}}]}],"ip":0,"op":168,"st":0},{"ind":4,"ty":4,"parent":2,"sr":1,"ks":{"o":{"a":1,"k":[{"i":{"x":[0.83],"y":[0.83]},"o":{"x":[0.17],"y":[0.17]},"t":85,"s":[0]},{"t":90,"s":[100]}]},"r":{"a":0,"k":0},"p":{"a":0,"k":[40,-58,0]},"a":{"a":0,"k":[0,0,0]},"s":{"a":0,"k":[100,100,100]}},"ao":0,"shapes":[{"ty":"gr","it":[{"d":1,"ty":"el","s":{"a":0,"k":[34,34]},"p":{"a":0,"k":[0,0]}},{"ty":"fl","c":{"a":0,"k":[0.914,0.91,0.91,1]},"o":{"a":0,"k":100},"r":1},{"ty":"tr","p":{"a":0,"k":[65,-93]},"a":{"a":0,"k":[0,0]},"s":{"a":0,"k":[100,100]},"r":{"a":0,"k":0},"o":{"a":0,"k":100},"sk":{"a":0,"k":0},"sa":{"a":0,"k":0}}]}],"ip":85,"op":539,"st":89},{"ind":5,"ty":4,"parent":2,"sr":1,"ks":{"o":{"a":0,"k":100},"r":{"a":0,"k":0},"p":{"a":0,"k":[39,-154,0]},"a":{"a":0,"k":[0,0,0]},"s":{"a":0,"k":[100,100,100]}},"ao":0,"shapes":[{"ty":"gr","it":[{"ty":"gr","it":[{"ty":"rc","d":1,"s":{"a":0,"k":[448,37]},"p":{"a":0,"k":[0,0]},"r":{"a":0,"k":40}},{"ty":"fl","c":{"a":0,"k":[0.914,0.91,0.91,1]},"o":{"a":0,"k":100},"r":1},{"ty":"tr","p":{"a":0,"k":[-194,3]},"a":{"a":0,"k":[0,0]},"s":{"a":0,"k":[100,100]},"r":{"a":0,"k":0},"o":{"a":0,"k":100},"sk":{"a":0,"k":0},"sa":{"a":0,"k":0}}]},{"ty":"tr","p":{"a":0,"k":[0,0]},"a":{"a":0,"k":[0,0]},"s":{"a":0,"k":[100,100]},"r":{"a":0,"k":0},"o":{"a":0,"k":100},"sk":{"a":0,"k":0},"sa":{"a":0,"k":0}}]},{"ty":"gr","it":[{"ind":0,"ty":"sh","ks":{"a":0,"k":{"i":[[0,0],[0,0],[0,0],[0,1.92],[1.63,0.77],[0,0],[0,0]],"o":[[0,0],[0,0],[1.63,-0.77],[0,-1.92],[0,0],[0,0],[0,0]],"v":[[-25.84,6.81],[-40.97,6.81],[-40.97,3.6],[-38.22,-0.75],[-40.97,-5.1],[-40.97,-8.31],[-25.84,-8.31]],"c":true}}},{"ind":1,"ty":"sh","ks":{"a":0,"k":{"i":[[1.52,0],[0,0],[0.76,0],[0,0],[1.52,0],[0,-1.52],[0,0],[0,-0.76],[0,0],[0,-1.52],[1.52,0],[0,0],[-0.76,0],[0,0],[0,0.76],[0,0],[0,1.52]],"o":[[0,0],[0,-0.76],[0,0],[0,-1.52],[-1.52,0],[0,0],[-0.76,0],[0,0],[1.52,0],[0,1.52],[0,0],[0,0.76],[0,0],[0.76,0],[0,0],[1.52,0],[0,-1.52]],"v":[[-23.75,-3.37],[-23.75,-8.87],[-25.12,-10.25],[-30.62,-10.25],[-33.37,-13],[-36.12,-10.25],[-41.62,-10.25],[-43,-8.87],[-43,-3.37],[-40.25,-0.62],[-43,2.13],[-43,7.63],[-41.62,9],[-25.12,9],[-23.75,7.63],[-23.75,2.13],[-21,-0.62]],"c":true}}},{"ty":"fl","c":{"a":0,"k":[0.49,0.49,0.49,1]},"o":{"a":0,"k":100},"r":1},{"ty":"tr","p":{"a":0,"k":[149.5,3.25]},"a":{"a":0,"k":[0,0]},"s":{"a":0,"k":[100,100]},"r":{"a":0,"k":0},"o":{"a":0,"k":100},"sk":{"a":0,"k":0},"sa":{"a":0,"k":0}}]},{"ty":"gr","it":[{"ty":"rc","d":2,"s":{"a":0,"k":[2,19]},"p":{"a":0,"k":[0,0]},"r":{"a":0,"k":0}},{"ty":"fl","c":{"a":0,"k":[0.914,0.91,0.91,1]},"o":{"a":0,"k":100},"r":1},{"ty":"tr","p":{"a":0,"k":[152,3]},"a":{"a":0,"k":[0,0]},"s":{"a":0,"k":[100,100]},"r":{"a":0,"k":0},"o":{"a":0,"k":100},"sk":{"a":0,"k":0},"sa":{"a":0,"k":0}}]},{"ty":"gr","it":[{"ty":"rc","d":3,"s":{"a":0,"k":[9,14.5]},"p":{"a":0,"k":[-2.5,0]},"r":{"a":0,"k":0}},{"ty":"rc","d":2,"s":{"a":0,"k":[19,19]},"p":{"a":0,"k":[0,0]},"r":{"a":0,"k":3}},{"ty":"fl","c":{"a":0,"k":[0.49,0.49,0.49,1]},"o":{"a":0,"k":100},"r":1},{"ty":"tr","p":{"a":0,"k":[187,3]},"a":{"a":0,"k":[0,0]},"s":{"a":0,"k":[100,100]},"r":{"a":0,"k":0},"o":{"a":0,"k":100},"sk":{"a":0,"k":0},"sa":{"a":0,"k":0}}]},{"ty":"gr","it":[{"d":1,"ty":"el","s":{"a":0,"k":[4,4]},"p":{"a":0,"k":[0,0]}},{"d":1,"ty":"el","s":{"a":0,"k":[4,4]},"p":{"a":0,"k":[0,8]}},{"d":1,"ty":"el","s":{"a":0,"k":[4,4]},"p":{"a":0,"k":[0,16]}},{"ty":"fl","c":{"a":0,"k":[0.49,0.49,0.49,1]},"o":{"a":0,"k":100},"r":1},{"ty":"tr","p":{"a":0,"k":[228,-5]},"a":{"a":0,"k":[0,0]},"s":{"a":0,"k":[100,100]},"r":{"a":0,"k":0},"o":{"a":0,"k":100},"sk":{"a":0,"k":0},"sa":{"a":0,"k":0}}]},{"ty":"gr","it":[{"ty":"rc","d":1,"s":{"a":0,"k":[949,2]},"p":{"a":0,"k":[0,0]},"r":{"a":0,"k":0}},{"ty":"fl","c":{"a":0,"k":[0.914,0.91,0.91,1]},"o":{"a":0,"k":100},"r":1},{"ty":"tr","p":{"a":0,"k":[0,32]},"a":{"a":0,"k":[0,0]},"s":{"a":0,"k":[100,100]},"r":{"a":0,"k":0},"o":{"a":0,"k":100},"sk":{"a":0,"k":0},"sa":{"a":0,"k":0}}]},{"ty":"gr","it":[{"ty":"gr","it":[{"ty":"rc","d":1,"s":{"a":0,"k":[934,56]},"p":{"a":0,"k":[0,0]},"r":{"a":0,"k":0}},{"ty":"fl","c":{"a":0,"k":[1,1,1,1]},"o":{"a":0,"k":100},"r":1},{"ty":"tr","p":{"a":0,"k":[0,3]},"a":{"a":0,"k":[0,0]},"s":{"a":0,"k":[100,100]},"r":{"a":0,"k":0},"o":{"a":0,"k":100},"sk":{"a":0,"k":0},"sa":{"a":0,"k":0}}]},{"ty":"tr","p":{"a":0,"k":[0,0]},"a":{"a":0,"k":[0,0]},"s":{"a":0,"k":[100,100]},"r":{"a":0,"k":0},"o":{"a":0,"k":100},"sk":{"a":0,"k":0},"sa":{"a":0,"k":0}}]}],"ip":-1,"op":449,"st":-1},{"ind":6,"ty":4,"parent":2,"sr":1,"ks":{"o":{"a":1,"k":[{"i":{"x":[0],"y":[1]},"o":{"x":[0.33],"y":[0]},"t":0,"s":[0]},{"i":{"x":[0.67],"y":[1]},"o":{"x":[0.17],"y":[0]},"t":15,"s":[100]},{"i":{"x":[0],"y":[1]},"o":{"x":[0.33],"y":[0]},"t":50,"s":[100]},{"t":65,"s":[40]}]},"r":{"a":0,"k":0},"p":{"a":1,"k":[{"i":{"x":0,"y":1},"o":{"x":0.33,"y":0},"t":0,"s":[5,34,0],"to":[0,-15,0],"ti":[0,15,0]},{"t":15,"s":[5,-56,0]}]},"a":{"a":0,"k":[-114,-56,0]},"s":{"a":0,"k":[100,100,100]}},"ao":0,"ef":[{"ty":25,"en":1,"ef":[{"ty":2,"v":{"a":0,"k":[0.49,0.49,0.49,1]}},{"ty":0,"v":{"a":0,"k":102}},{"ty":0,"v":{"a":0,"k":180}},{"ty":0,"v":{"a":0,"k":0}},{"ty":0,"v":{"a":0,"k":3}},{"ty":7,"v":{"a":0,"k":0}}]},{"ty":25,"en":1,"ef":[{"ty":2,"v":{"a":0,"k":[0.49,0.49,0.49,1]}},{"ty":0,"v":{"a":0,"k":51}},{"ty":0,"v":{"a":0,"k":180}},{"ty":0,"v":{"a":0,"k":2.6}},{"ty":0,"v":{"a":0,"k":8}},{"ty":7,"v":{"a":0,"k":0}}]}],"shapes":[{"ty":"gr","it":[{"ty":"rc","d":1,"s":{"a":0,"k":[28,28]},"p":{"a":0,"k":[0,0]},"r":{"a":0,"k":20}},{"ty":"fl","c":{"a":0,"k":[0.49,0.49,0.49,1]},"o":{"a":0,"k":100},"r":1},{"ty":"tr","p":{"a":0,"k":[-90.39,-33.32]},"a":{"a":0,"k":[0,0]},"s":{"a":0,"k":[100,100]},"r":{"a":0,"k":0},"o":{"a":0,"k":100},"sk":{"a":0,"k":0},"sa":{"a":0,"k":0}}]},{"ty":"gr","it":[{"ty":"rc","d":1,"s":{"a":0,"k":[7,7]},"p":{"a":0,"k":[0,0]},"r":{"a":0,"k":12}},{"ty":"fl","c":{"a":0,"k":[1,1,1,1]},"o":{"a":0,"k":100},"r":1},{"ty":"tr","p":{"a":0,"k":[93.8,39.58]},"a":{"a":0,"k":[0,0]},"s":{"a":0,"k":[100,100]},"r":{"a":0,"k":0},"o":{"a":0,"k":100},"sk":{"a":0,"k":0},"sa":{"a":0,"k":0}}]},{"ty":"gr","it":[{"ty":"rc","d":1,"s":{"a":0,"k":[16,10]},"p":{"a":0,"k":[0,0]},"r":{"a":0,"k":12}},{"ty":"fl","c":{"a":0,"k":[0.137,0.349,0.788,1]},"o":{"a":0,"k":100},"r":1},{"ty":"tr","p":{"a":0,"k":[90.8,39.58]},"a":{"a":0,"k":[0,0]},"s":{"a":0,"k":[100,100]},"r":{"a":0,"k":0},"o":{"a":0,"k":100},"sk":{"a":0,"k":0},"sa":{"a":0,"k":0}}]},{"ty":"gr","it":[{"ty":"rc","d":1,"s":{"a":0,"k":[54,22]},"p":{"a":0,"k":[0,0]},"r":{"a":0,"k":12}},{"ty":"fl","c":{"a":0,"k":[0.961,0.961,0.961,1]},"o":{"a":0,"k":100},"r":1},{"ty":"tr","p":{"a":0,"k":[-22.83,35.58]},"a":{"a":0,"k":[0,0]},"s":{"a":0,"k":[100,100]},"r":{"a":0,"k":0},"o":{"a":1,"k":[{"i":{"x":[0],"y":[1]},"o":{"x":[0.33],"y":[0]},"t":50,"s":[100]},{"t":65,"s":[0]}]},"sk":{"a":0,"k":0},"sa":{"a":0,"k":0}}]},{"ty":"gr","it":[{"ty":"rc","d":1,"s":{"a":0,"k":[50,22]},"p":{"a":0,"k":[0,0]},"r":{"a":0,"k":12}},{"ty":"fl","c":{"a":0,"k":[0.961,0.961,0.961,1]},"o":{"a":0,"k":100},"r":1},{"ty":"tr","p":{"a":0,"k":[-79.7,35.58]},"a":{"a":0,"k":[0,0]},"s":{"a":0,"k":[100,100]},"r":{"a":0,"k":0},"o":{"a":1,"k":[{"i":{"x":[0],"y":[1]},"o":{"x":[0.33],"y":[0]},"t":50,"s":[100]},{"t":65,"s":[0]}]},"sk":{"a":0,"k":0},"sa":{"a":0,"k":0}}]},{"ty":"gr","it":[{"ty":"rc","d":1,"s":{"a":0,"k":[100,6]},"p":{"a":0,"k":[0,0]},"r":{"a":0,"k":0}},{"ty":"fl","c":{"a":0,"k":[0.914,0.91,0.91,1]},"o":{"a":0,"k":100},"r":1},{"ty":"tr","p":{"a":0,"k":[-16.53,-7.99]},"a":{"a":0,"k":[0,0]},"s":{"a":0,"k":[100,100]},"r":{"a":0,"k":0},"o":{"a":0,"k":100},"sk":{"a":0,"k":0},"sa":{"a":0,"k":0}}]},{"ty":"gr","it":[{"ty":"rc","d":1,"s":{"a":0,"k":[140,6]},"p":{"a":0,"k":[0,0]},"r":{"a":0,"k":0}},{"ty":"fl","c":{"a":0,"k":[0.914,0.91,0.91,1]},"o":{"a":0,"k":100},"r":1},{"ty":"tr","p":{"a":0,"k":[3.47,-20.99]},"a":{"a":0,"k":[0,0]},"s":{"a":0,"k":[100,100]},"r":{"a":0,"k":0},"o":{"a":0,"k":100},"sk":{"a":0,"k":0},"sa":{"a":0,"k":0}}]},{"ty":"gr","it":[{"ty":"rc","d":1,"s":{"a":0,"k":[114,8]},"p":{"a":0,"k":[0,0]},"r":{"a":0,"k":0}},{"ty":"fl","c":{"a":0,"k":[0.839,0.839,0.839,1]},"o":{"a":0,"k":100},"r":1},{"ty":"tr","p":{"a":0,"k":[-9.47,-36.04]},"a":{"a":0,"k":[0,0]},"s":{"a":0,"k":[100,100]},"r":{"a":0,"k":0},"o":{"a":0,"k":100},"sk":{"a":0,"k":0},"sa":{"a":0,"k":0}}]},{"ty":"gr","it":[{"ty":"rc","d":1,"s":{"a":0,"k":[228,112]},"p":{"a":0,"k":[0,0]},"r":{"a":0,"k":6}},{"ty":"fl","c":{"a":0,"k":[1,1,1,1]},"o":{"a":0,"k":100},"r":1},{"ty":"tr","p":{"a":0,"k":[0,0]},"a":{"a":0,"k":[0,0]},"s":{"a":0,"k":[100,100]},"r":{"a":0,"k":0},"o":{"a":0,"k":100},"sk":{"a":0,"k":0},"sa":{"a":0,"k":0}}]}],"ip":0,"op":450,"st":0},{"ind":7,"ty":4,"parent":2,"sr":1,"ks":{"o":{"a":1,"k":[{"i":{"x":[0],"y":[1]},"o":{"x":[0.33],"y":[0]},"t":0,"s":[0]},{"i":{"x":[0.67],"y":[1]},"o":{"x":[0.33],"y":[0]},"t":15,"s":[100]},{"i":{"x":[0],"y":[1]},"o":{"x":[0.33],"y":[0]},"t":50,"s":[100]},{"t":65,"s":[40]}]},"r":{"a":0,"k":0},"p":{"a":1,"k":[{"i":{"x":0,"y":1},"o":{"x":0.33,"y":0},"t":0,"s":[5,154,0],"to":[0,-15,0],"ti":[0,15,0]},{"t":15,"s":[5,64,0]}]},"a":{"a":0,"k":[-114,-56,0]},"s":{"a":0,"k":[100,100,100]}},"ao":0,"ef":[{"ty":25,"en":1,"ef":[{"ty":2,"v":{"a":0,"k":[0.49,0.49,0.49,1]}},{"ty":0,"v":{"a":0,"k":102}},{"ty":0,"v":{"a":0,"k":180}},{"ty":0,"v":{"a":0,"k":0}},{"ty":0,"v":{"a":0,"k":3}},{"ty":7,"v":{"a":0,"k":0}}]},{"ty":25,"en":1,"ef":[{"ty":2,"v":{"a":0,"k":[0.49,0.49,0.49,1]}},{"ty":0,"v":{"a":0,"k":51}},{"ty":0,"v":{"a":0,"k":180}},{"ty":0,"v":{"a":0,"k":2.6}},{"ty":0,"v":{"a":0,"k":8}},{"ty":7,"v":{"a":0,"k":0}}]}],"shapes":[{"ty":"gr","it":[{"ty":"rc","d":1,"s":{"a":0,"k":[28,28]},"p":{"a":0,"k":[0,0]},"r":{"a":0,"k":20}},{"ty":"fl","c":{"a":0,"k":[1,0.902,0.396,1]},"o":{"a":0,"k":100},"r":1},{"ty":"tr","p":{"a":0,"k":[-90.39,-33.32]},"a":{"a":0,"k":[0,0]},"s":{"a":0,"k":[100,100]},"r":{"a":0,"k":0},"o":{"a":0,"k":100},"sk":{"a":0,"k":0},"sa":{"a":0,"k":0}}]},{"ty":"gr","it":[{"ty":"rc","d":1,"s":{"a":0,"k":[7,7]},"p":{"a":0,"k":[0,0]},"r":{"a":0,"k":12}},{"ty":"fl","c":{"a":0,"k":[1,1,1,1]},"o":{"a":0,"k":100},"r":1},{"ty":"tr","p":{"a":0,"k":[93.8,39.58]},"a":{"a":0,"k":[0,0]},"s":{"a":0,"k":[100,100]},"r":{"a":0,"k":0},"o":{"a":0,"k":100},"sk":{"a":0,"k":0},"sa":{"a":0,"k":0}}]},{"ty":"gr","it":[{"ty":"rc","d":1,"s":{"a":0,"k":[16,10]},"p":{"a":0,"k":[0,0]},"r":{"a":0,"k":12}},{"ty":"fl","c":{"a":0,"k":[0.137,0.349,0.788,1]},"o":{"a":0,"k":100},"r":1},{"ty":"tr","p":{"a":0,"k":[90.8,39.58]},"a":{"a":0,"k":[0,0]},"s":{"a":0,"k":[100,100]},"r":{"a":0,"k":0},"o":{"a":0,"k":100},"sk":{"a":0,"k":0},"sa":{"a":0,"k":0}}]},{"ty":"gr","it":[{"ty":"rc","d":1,"s":{"a":0,"k":[50,22]},"p":{"a":0,"k":[0,0]},"r":{"a":0,"k":12}},{"ty":"fl","c":{"a":0,"k":[0.961,0.961,0.961,1]},"o":{"a":0,"k":100},"r":1},{"ty":"tr","p":{"a":0,"k":[-24.2,35.58]},"a":{"a":0,"k":[0,0]},"s":{"a":0,"k":[100,100]},"r":{"a":0,"k":0},"o":{"a":0,"k":100},"sk":{"a":0,"k":0},"sa":{"a":0,"k":0}}]},{"ty":"gr","it":[{"ty":"rc","d":1,"s":{"a":0,"k":[50,22]},"p":{"a":0,"k":[0,0]},"r":{"a":0,"k":12}},{"ty":"fl","c":{"a":0,"k":[0.961,0.961,0.961,1]},"o":{"a":0,"k":100},"r":1},{"ty":"tr","p":{"a":0,"k":[-79.7,35.58]},"a":{"a":0,"k":[0,0]},"s":{"a":0,"k":[100,100]},"r":{"a":0,"k":0},"o":{"a":0,"k":100},"sk":{"a":0,"k":0},"sa":{"a":0,"k":0}}]},{"ty":"gr","it":[{"ty":"rc","d":1,"s":{"a":0,"k":[100,6]},"p":{"a":0,"k":[0,0]},"r":{"a":0,"k":0}},{"ty":"fl","c":{"a":0,"k":[0.914,0.91,0.91,1]},"o":{"a":0,"k":100},"r":1},{"ty":"tr","p":{"a":0,"k":[-16.53,-7.99]},"a":{"a":0,"k":[0,0]},"s":{"a":0,"k":[100,100]},"r":{"a":0,"k":0},"o":{"a":0,"k":100},"sk":{"a":0,"k":0},"sa":{"a":0,"k":0}}]},{"ty":"gr","it":[{"ty":"rc","d":1,"s":{"a":0,"k":[140,6]},"p":{"a":0,"k":[0,0]},"r":{"a":0,"k":0}},{"ty":"fl","c":{"a":0,"k":[0.914,0.91,0.91,1]},"o":{"a":0,"k":100},"r":1},{"ty":"tr","p":{"a":0,"k":[3.47,-20.99]},"a":{"a":0,"k":[0,0]},"s":{"a":0,"k":[100,100]},"r":{"a":0,"k":0},"o":{"a":0,"k":100},"sk":{"a":0,"k":0},"sa":{"a":0,"k":0}}]},{"ty":"gr","it":[{"ty":"rc","d":1,"s":{"a":0,"k":[114,8]},"p":{"a":0,"k":[0,0]},"r":{"a":0,"k":0}},{"ty":"fl","c":{"a":0,"k":[0.839,0.839,0.839,1]},"o":{"a":0,"k":100},"r":1},{"ty":"tr","p":{"a":0,"k":[-9.47,-36.04]},"a":{"a":0,"k":[0,0]},"s":{"a":0,"k":[100,100]},"r":{"a":0,"k":0},"o":{"a":0,"k":100},"sk":{"a":0,"k":0},"sa":{"a":0,"k":0}}]},{"ty":"gr","it":[{"ty":"rc","d":1,"s":{"a":0,"k":[228,112]},"p":{"a":0,"k":[0,0]},"r":{"a":0,"k":6}},{"ty":"fl","c":{"a":0,"k":[1,1,1,1]},"o":{"a":0,"k":100},"r":1},{"ty":"tr","p":{"a":0,"k":[0,0]},"a":{"a":0,"k":[0,0]},"s":{"a":0,"k":[100,100]},"r":{"a":0,"k":0},"o":{"a":0,"k":100},"sk":{"a":0,"k":0},"sa":{"a":0,"k":0}}]}],"ip":0,"op":168,"st":0},{"ind":8,"ty":4,"parent":2,"sr":1,"ks":{"o":{"a":1,"k":[{"i":{"x":[0],"y":[1]},"o":{"x":[0.33],"y":[0]},"t":0,"s":[0]},{"i":{"x":[0.67],"y":[1]},"o":{"x":[0.33],"y":[0]},"t":15,"s":[100]},{"i":{"x":[0],"y":[1]},"o":{"x":[0.33],"y":[0]},"t":50,"s":[100]},{"t":65,"s":[40]}]},"r":{"a":0,"k":0},"p":{"a":1,"k":[{"i":{"x":0,"y":1},"o":{"x":0.33,"y":0},"t":0,"s":[-231,154,0],"to":[0,-15,0],"ti":[0,15,0]},{"t":15,"s":[-231,64,0]}]},"a":{"a":0,"k":[-114,-56,0]},"s":{"a":0,"k":[100,100,100]}},"ao":0,"ef":[{"ty":25,"en":1,"ef":[{"ty":2,"v":{"a":0,"k":[0.49,0.49,0.49,1]}},{"ty":0,"v":{"a":0,"k":102}},{"ty":0,"v":{"a":0,"k":180}},{"ty":0,"v":{"a":0,"k":0}},{"ty":0,"v":{"a":0,"k":3}},{"ty":7,"v":{"a":0,"k":0}}]},{"ty":25,"en":1,"ef":[{"ty":2,"v":{"a":0,"k":[0.49,0.49,0.49,1]}},{"ty":0,"v":{"a":0,"k":51}},{"ty":0,"v":{"a":0,"k":180}},{"ty":0,"v":{"a":0,"k":2.6}},{"ty":0,"v":{"a":0,"k":8}},{"ty":7,"v":{"a":0,"k":0}}]}],"shapes":[{"ty":"gr","it":[{"ty":"rc","d":1,"s":{"a":0,"k":[28,28]},"p":{"a":0,"k":[0,0]},"r":{"a":0,"k":20}},{"ty":"fl","c":{"a":0,"k":[1,0.725,0.973,1]},"o":{"a":0,"k":100},"r":1},{"ty":"tr","p":{"a":0,"k":[-90.39,-33.32]},"a":{"a":0,"k":[0,0]},"s":{"a":0,"k":[100,100]},"r":{"a":0,"k":0},"o":{"a":0,"k":100},"sk":{"a":0,"k":0},"sa":{"a":0,"k":0}}]},{"ty":"gr","it":[{"ty":"rc","d":1,"s":{"a":0,"k":[7,7]},"p":{"a":0,"k":[0,0]},"r":{"a":0,"k":12}},{"ty":"fl","c":{"a":0,"k":[1,1,1,1]},"o":{"a":0,"k":100},"r":1},{"ty":"tr","p":{"a":0,"k":[93.8,39.58]},"a":{"a":0,"k":[0,0]},"s":{"a":0,"k":[100,100]},"r":{"a":0,"k":0},"o":{"a":0,"k":100},"sk":{"a":0,"k":0},"sa":{"a":0,"k":0}}]},{"ty":"gr","it":[{"ty":"rc","d":1,"s":{"a":0,"k":[16,10]},"p":{"a":0,"k":[0,0]},"r":{"a":0,"k":12}},{"ty":"fl","c":{"a":0,"k":[0.137,0.349,0.788,1]},"o":{"a":0,"k":100},"r":1},{"ty":"tr","p":{"a":0,"k":[90.8,39.58]},"a":{"a":0,"k":[0,0]},"s":{"a":0,"k":[100,100]},"r":{"a":0,"k":0},"o":{"a":0,"k":100},"sk":{"a":0,"k":0},"sa":{"a":0,"k":0}}]},{"ty":"gr","it":[{"ty":"rc","d":1,"s":{"a":0,"k":[50,22]},"p":{"a":0,"k":[0,0]},"r":{"a":0,"k":12}},{"ty":"fl","c":{"a":0,"k":[0.961,0.961,0.961,1]},"o":{"a":0,"k":100},"r":1},{"ty":"tr","p":{"a":0,"k":[-24.2,35.58]},"a":{"a":0,"k":[0,0]},"s":{"a":0,"k":[100,100]},"r":{"a":0,"k":0},"o":{"a":0,"k":100},"sk":{"a":0,"k":0},"sa":{"a":0,"k":0}}]},{"ty":"gr","it":[{"ty":"rc","d":1,"s":{"a":0,"k":[50,22]},"p":{"a":0,"k":[0,0]},"r":{"a":0,"k":12}},{"ty":"fl","c":{"a":0,"k":[0.961,0.961,0.961,1]},"o":{"a":0,"k":100},"r":1},{"ty":"tr","p":{"a":0,"k":[-79.7,35.58]},"a":{"a":0,"k":[0,0]},"s":{"a":0,"k":[100,100]},"r":{"a":0,"k":0},"o":{"a":0,"k":100},"sk":{"a":0,"k":0},"sa":{"a":0,"k":0}}]},{"ty":"gr","it":[{"ty":"rc","d":1,"s":{"a":0,"k":[100,6]},"p":{"a":0,"k":[0,0]},"r":{"a":0,"k":0}},{"ty":"fl","c":{"a":0,"k":[0.914,0.91,0.91,1]},"o":{"a":0,"k":100},"r":1},{"ty":"tr","p":{"a":0,"k":[-16.53,-7.99]},"a":{"a":0,"k":[0,0]},"s":{"a":0,"k":[100,100]},"r":{"a":0,"k":0},"o":{"a":0,"k":100},"sk":{"a":0,"k":0},"sa":{"a":0,"k":0}}]},{"ty":"gr","it":[{"ty":"rc","d":1,"s":{"a":0,"k":[140,6]},"p":{"a":0,"k":[0,0]},"r":{"a":0,"k":0}},{"ty":"fl","c":{"a":0,"k":[0.914,0.91,0.91,1]},"o":{"a":0,"k":100},"r":1},{"ty":"tr","p":{"a":0,"k":[3.47,-20.99]},"a":{"a":0,"k":[0,0]},"s":{"a":0,"k":[100,100]},"r":{"a":0,"k":0},"o":{"a":0,"k":100},"sk":{"a":0,"k":0},"sa":{"a":0,"k":0}}]},{"ty":"gr","it":[{"ty":"rc","d":1,"s":{"a":0,"k":[114,8]},"p":{"a":0,"k":[0,0]},"r":{"a":0,"k":0}},{"ty":"fl","c":{"a":0,"k":[0.839,0.839,0.839,1]},"o":{"a":0,"k":100},"r":1},{"ty":"tr","p":{"a":0,"k":[-9.47,-36.04]},"a":{"a":0,"k":[0,0]},"s":{"a":0,"k":[100,100]},"r":{"a":0,"k":0},"o":{"a":0,"k":100},"sk":{"a":0,"k":0},"sa":{"a":0,"k":0}}]},{"ty":"gr","it":[{"ty":"rc","d":1,"s":{"a":0,"k":[228,112]},"p":{"a":0,"k":[0,0]},"r":{"a":0,"k":6}},{"ty":"fl","c":{"a":0,"k":[1,1,1,1]},"o":{"a":0,"k":100},"r":1},{"ty":"tr","p":{"a":0,"k":[0,0]},"a":{"a":0,"k":[0,0]},"s":{"a":0,"k":[100,100]},"r":{"a":0,"k":0},"o":{"a":0,"k":100},"sk":{"a":0,"k":0},"sa":{"a":0,"k":0}}]}],"ip":0,"op":168,"st":0},{"ind":9,"ty":4,"parent":10,"sr":1,"ks":{"o":{"a":1,"k":[{"i":{"x":[0],"y":[1]},"o":{"x":[0.33],"y":[0]},"t":0,"s":[0]},{"i":{"x":[0.67],"y":[1]},"o":{"x":[0.17],"y":[0]},"t":15,"s":[100]},{"i":{"x":[0],"y":[1]},"o":{"x":[0.33],"y":[0]},"t":50,"s":[100]},{"t":65,"s":[40]}]},"r":{"a":0,"k":0},"p":{"a":0,"k":[-92.37,-33.19,0]},"a":{"a":0,"k":[0,0,0]},"s":{"a":0,"k":[200,200,100]}},"ao":0,"shapes":[{"ty":"gr","it":[{"ind":0,"ty":"sh","ks":{"a":0,"k":{"i":[[0.33,0],[0,-0.42],[-0.33,0],[0,0.42]],"o":[[-0.33,0],[0,0.42],[0.33,0],[0,-0.42]],"v":[[1.47,0.16],[0.87,0.92],[1.47,1.68],[2.08,0.92]],"c":true}}},{"ind":1,"ty":"sh","ks":{"a":0,"k":{"i":[[0.33,0],[0,-0.42],[-0.33,0],[0,0.42]],"o":[[-0.33,0],[0,0.42],[0.33,0],[0,-0.42]],"v":[[-1.46,0.17],[-2.06,0.94],[-1.46,1.7],[-0.86,0.94]],"c":true}}},{"ind":2,"ty":"sh","ks":{"a":0,"k":{"i":[[0.08,0],[0.02,-0.07],[1.16,0],[0.46,1.33],[0.06,0],[-0.01,-0.11],[-1.45,0],[-0.17,1.84]],"o":[[-0.06,0],[-0.46,1.33],[-1.16,0],[-0.02,-0.07],[-0.08,0],[0.17,1.84],[1.45,0],[0.01,-0.11]],"v":[[2.92,1.83],[2.79,1.93],[0.01,3.92],[-2.78,1.93],[-2.91,1.83],[-3.07,2],[0.01,4.76],[3.08,2]],"c":true}}},{"ty":"fl","c":{"a":0,"k":[0.196,0.188,0.184,1]},"o":{"a":0,"k":100},"r":1},{"ty":"tr","p":{"a":0,"k":[0,0.05]},"a":{"a":0,"k":[0,0.05]},"s":{"a":0,"k":[100,100]},"r":{"a":0,"k":0},"o":{"a":0,"k":100},"sk":{"a":0,"k":0},"sa":{"a":0,"k":0}}]},{"ty":"gr","it":[{"ind":0,"ty":"sh","ks":{"a":0,"k":{"i":[[0,0],[0.24,-0.59],[0.1,0.24],[-0.04,1.52],[0.19,-0.2],[0.95,-1.32],[0.09,0.24],[0.46,0.5],[0,-0.27],[-0.01,-2.02],[-2.69,0],[-0.02,2.67],[-0.15,1.74],[0.18,-0.2]],"o":[[-0.41,0.45],[-0.1,0.25],[-0.68,-2.38],[0.01,-0.27],[-1.53,1.39],[-0.11,0.23],[-0.23,-0.65],[-0.18,-0.2],[0.19,2.07],[0.01,2.67],[2.69,0],[0.01,-2.02],[0,-0.26],[0,0]],"v":[[3.73,-3.14],[2.72,-1.51],[2.19,-1.51],[0.14,-6.18],[-0.35,-6.39],[-2.12,-1.28],[-2.66,-1.31],[-3.74,-3.14],[-4.24,-2.93],[-4.9,1.77],[0,6.59],[4.9,1.77],[4.24,-2.94],[3.74,-3.14]],"c":true}}},{"ty":"gf","o":{"a":0,"k":100},"r":1,"g":{"p":3,"k":{"a":0,"k":[0,1,0.39,0,0.5,1,0.56,0.49,1,1,0.73,0.97]}},"s":{"a":0,"k":[-1.32,-3.7]},"e":{"a":0,"k":[3.22,6.14]},"t":1},{"ty":"tr","p":{"a":0,"k":[0,0.05]},"a":{"a":0,"k":[0,0.05]},"s":{"a":0,"k":[100,100]},"r":{"a":0,"k":0},"o":{"a":0,"k":100},"sk":{"a":0,"k":0},"sa":{"a":0,"k":0}}]}],"ip":0,"op":168,"st":0},{"ind":10,"ty":4,"parent":2,"sr":1,"ks":{"o":{"a":1,"k":[{"i":{"x":[0],"y":[1]},"o":{"x":[0.33],"y":[0]},"t":0,"s":[0]},{"i":{"x":[0.67],"y":[1]},"o":{"x":[0.33],"y":[0]},"t":15,"s":[100]},{"i":{"x":[0],"y":[1]},"o":{"x":[0.33],"y":[0]},"t":50,"s":[100]},{"t":65,"s":[40]}]},"r":{"a":0,"k":0},"p":{"a":1,"k":[{"i":{"x":0,"y":1},"o":{"x":0.33,"y":0},"t":0,"s":[-231,34,0],"to":[0,-15,0],"ti":[0,15,0]},{"t":15,"s":[-231,-56,0]}]},"a":{"a":0,"k":[-114,-56,0]},"s":{"a":0,"k":[100,100,100]}},"ao":0,"ef":[{"ty":25,"en":1,"ef":[{"ty":2,"v":{"a":0,"k":[0.49,0.49,0.49,1]}},{"ty":0,"v":{"a":0,"k":102}},{"ty":0,"v":{"a":0,"k":180}},{"ty":0,"v":{"a":0,"k":0}},{"ty":0,"v":{"a":0,"k":3}},{"ty":7,"v":{"a":0,"k":0}}]},{"ty":25,"en":1,"ef":[{"ty":2,"v":{"a":0,"k":[0.49,0.49,0.49,1]}},{"ty":0,"v":{"a":0,"k":51}},{"ty":0,"v":{"a":0,"k":180}},{"ty":0,"v":{"a":0,"k":2.6}},{"ty":0,"v":{"a":0,"k":8}},{"ty":7,"v":{"a":0,"k":0}}]}],"shapes":[{"ty":"gr","it":[{"ty":"rc","d":1,"s":{"a":0,"k":[7,7]},"p":{"a":0,"k":[0,0]},"r":{"a":0,"k":12}},{"ty":"fl","c":{"a":0,"k":[1,1,1,1]},"o":{"a":0,"k":100},"r":1},{"ty":"tr","p":{"a":0,"k":[93.8,39.58]},"a":{"a":0,"k":[0,0]},"s":{"a":0,"k":[100,100]},"r":{"a":0,"k":0},"o":{"a":0,"k":100},"sk":{"a":0,"k":0},"sa":{"a":0,"k":0}}]},{"ty":"gr","it":[{"ty":"rc","d":1,"s":{"a":0,"k":[16,10]},"p":{"a":0,"k":[0,0]},"r":{"a":0,"k":12}},{"ty":"fl","c":{"a":0,"k":[0.137,0.349,0.788,1]},"o":{"a":0,"k":100},"r":1},{"ty":"tr","p":{"a":0,"k":[90.8,39.58]},"a":{"a":0,"k":[0,0]},"s":{"a":0,"k":[100,100]},"r":{"a":0,"k":0},"o":{"a":0,"k":100},"sk":{"a":0,"k":0},"sa":{"a":0,"k":0}}]},{"ty":"gr","it":[{"ty":"rc","d":1,"s":{"a":0,"k":[50,22]},"p":{"a":0,"k":[0,0]},"r":{"a":0,"k":12}},{"ty":"fl","c":{"a":0,"k":[0.961,0.961,0.961,1]},"o":{"a":0,"k":100},"r":1},{"ty":"tr","p":{"a":0,"k":[-24.2,35.58]},"a":{"a":0,"k":[0,0]},"s":{"a":0,"k":[100,100]},"r":{"a":0,"k":0},"o":{"a":0,"k":100},"sk":{"a":0,"k":0},"sa":{"a":0,"k":0}}]},{"ty":"gr","it":[{"ty":"rc","d":1,"s":{"a":0,"k":[50,22]},"p":{"a":0,"k":[0,0]},"r":{"a":0,"k":12}},{"ty":"fl","c":{"a":0,"k":[0.961,0.961,0.961,1]},"o":{"a":0,"k":100},"r":1},{"ty":"tr","p":{"a":0,"k":[-79.7,35.58]},"a":{"a":0,"k":[0,0]},"s":{"a":0,"k":[100,100]},"r":{"a":0,"k":0},"o":{"a":0,"k":100},"sk":{"a":0,"k":0},"sa":{"a":0,"k":0}}]},{"ty":"gr","it":[{"ty":"rc","d":1,"s":{"a":0,"k":[100,6]},"p":{"a":0,"k":[0,0]},"r":{"a":0,"k":0}},{"ty":"fl","c":{"a":0,"k":[0.914,0.91,0.91,1]},"o":{"a":0,"k":100},"r":1},{"ty":"tr","p":{"a":0,"k":[-16.53,-7.99]},"a":{"a":0,"k":[0,0]},"s":{"a":0,"k":[100,100]},"r":{"a":0,"k":0},"o":{"a":0,"k":100},"sk":{"a":0,"k":0},"sa":{"a":0,"k":0}}]},{"ty":"gr","it":[{"ty":"rc","d":1,"s":{"a":0,"k":[140,6]},"p":{"a":0,"k":[0,0]},"r":{"a":0,"k":0}},{"ty":"fl","c":{"a":0,"k":[0.914,0.91,0.91,1]},"o":{"a":0,"k":100},"r":1},{"ty":"tr","p":{"a":0,"k":[3.47,-20.99]},"a":{"a":0,"k":[0,0]},"s":{"a":0,"k":[100,100]},"r":{"a":0,"k":0},"o":{"a":0,"k":100},"sk":{"a":0,"k":0},"sa":{"a":0,"k":0}}]},{"ty":"gr","it":[{"ty":"rc","d":1,"s":{"a":0,"k":[114,8]},"p":{"a":0,"k":[0,0]},"r":{"a":0,"k":0}},{"ty":"fl","c":{"a":0,"k":[0.839,0.839,0.839,1]},"o":{"a":0,"k":100},"r":1},{"ty":"tr","p":{"a":0,"k":[-9.47,-36.04]},"a":{"a":0,"k":[0,0]},"s":{"a":0,"k":[100,100]},"r":{"a":0,"k":0},"o":{"a":0,"k":100},"sk":{"a":0,"k":0},"sa":{"a":0,"k":0}}]},{"ty":"gr","it":[{"ty":"rc","d":1,"s":{"a":0,"k":[228,112]},"p":{"a":0,"k":[0,0]},"r":{"a":0,"k":6}},{"ty":"fl","c":{"a":0,"k":[1,1,1,1]},"o":{"a":0,"k":100},"r":1},{"ty":"tr","p":{"a":0,"k":[0,0]},"a":{"a":0,"k":[0,0]},"s":{"a":0,"k":[100,100]},"r":{"a":0,"k":0},"o":{"a":0,"k":100},"sk":{"a":0,"k":0},"sa":{"a":0,"k":0}}]}],"ip":0,"op":168,"st":0},{"ind":11,"ty":5,"parent":2,"sr":1,"ks":{"o":{"a":1,"k":[{"i":{"x":[0],"y":[1]},"o":{"x":[0.33],"y":[0]},"t":0,"s":[0]},{"i":{"x":[0.67],"y":[1]},"o":{"x":[0.33],"y":[0]},"t":15,"s":[100]},{"i":{"x":[0],"y":[1]},"o":{"x":[0.33],"y":[0]},"t":50,"s":[100]},{"t":65,"s":[40]}]},"r":{"a":0,"k":0},"p":{"a":1,"k":[{"i":{"x":0,"y":1},"o":{"x":0.33,"y":0},"t":0,"s":[-231,-50,0],"to":[0,-6.67,0],"ti":[0,6.67,0]},{"t":15,"s":[-231,-90,0]}]},"a":{"a":0,"k":[-57,-13,0]},"s":{"a":0,"k":[100,100,100]}},"ao":0,"t":{"d":{"k":[{"s":{"s":17,"f":"Poppins-Medium","t":"All extensions","j":2,"tr":1,"lh":20.4,"ls":0,"fc":[0.2,0.19,0.18]},"t":0}]},"p":{},"m":{"g":1,"a":{"a":0,"k":[0,0]}},"a":[]},"ip":0,"op":450,"st":0},{"ind":12,"ty":4,"sr":1,"ks":{"o":{"a":0,"k":100},"r":{"a":0,"k":0},"p":{"a":0,"k":[255,120,0]},"a":{"a":0,"k":[0,0,0]},"s":{"a":0,"k":[100,100,100]}},"ao":0,"shapes":[{"ty":"gr","it":[{"ty":"rc","d":1,"s":{"a":0,"k":[510,240]},"p":{"a":0,"k":[0,0]},"r":{"a":0,"k":0}},{"ty":"fl","c":{"a":0,"k":[0.961,0.961,0.961,1]},"o":{"a":0,"k":100},"r":1},{"ty":"tr","p":{"a":0,"k":[0,0]},"a":{"a":0,"k":[0,0]},"s":{"a":0,"k":[100,100]},"r":{"a":0,"k":0},"o":{"a":0,"k":100},"sk":{"a":0,"k":0},"sa":{"a":0,"k":0}}]}],"ip":0,"op":450,"st":0}],"markers":[],"chars":[{"ch":"A","size":17,"style":"Medium","w":69.7,"data":{"shapes":[{"ty":"gr","it":[{"ind":0,"ty":"sh","ks":{"a":0,"k":{"i":[[0,0],[0,0],[0,0],[0,0],[0,0],[0,0],[0,0],[0,0]],"o":[[0,0],[0,0],[0,0],[0,0],[0,0],[0,0],[0,0],[0,0]],"v":[[54.79,0],[66.87,0],[41.79,-70.09],[28.5,-70.09],[3.42,0],[15.41,0],[20.44,-14.3],[49.75,-14.3]],"c":true}}},{"ind":1,"ty":"sh","ks":{"a":0,"k":{"i":[[0,0],[0,0],[0,0]],"o":[[0,0],[0,0],[0,0]],"v":[[46.53,-23.67],[23.67,-23.67],[35.15,-56.19]],"c":true}}}]}]},"fFamily":"Poppins"},{"ch":"l","size":17,"style":"Medium","w":26.4,"data":{"shapes":[{"ty":"gr","it":[{"ind":0,"ty":"sh","ks":{"a":0,"k":{"i":[[0,0],[0,0],[0,0],[0,0]],"o":[[0,0],[0,0],[0,0],[0,0]],"v":[[7.55,0],[19.03,0],[19.03,-74.52],[7.55,-74.52]],"c":true}}}]}]},"fFamily":"Poppins"},{"ch":" ","size":17,"style":"Medium","w":26,"data":{},"fFamily":"Poppins"},{"ch":"e","size":17,"style":"Medium","w":61.7,"data":{"shapes":[{"ty":"gr","it":[{"ind":0,"ty":"sh","ks":{"a":0,"k":{"i":[[-7.75,0],[-0.2,-8.56],[0,0]],"o":[[8.56,0],[0,0],[1.21,-8.76]],"v":[[30.92,-46.73],[46.43,-32.73],[15.71,-32.73]],"c":true}}},{"ind":1,"ty":"sh","ks":{"a":0,"k":{"i":[[-3.12,9.67],[0,0],[7.05,0],[0.81,9.16],[0,0],[0,1.91],[15.81,0],[0,-17.42],[-15.91,0]],"o":[[0,0],[-2.12,4.33],[-8.46,0],[0,0],[0.3,-1.91],[0,-16.32],[-16.41,0],[0,17.42],[13.6,0]],"v":[[56.9,-16.52],[44.51,-16.52],[31.42,-8.76],[15.61,-23.46],[58.01,-23.46],[58.41,-29.1],[31.42,-56.4],[3.73,-27.79],[31.42,0.91]],"c":true}}}]}]},"fFamily":"Poppins"},{"ch":"x","size":17,"style":"Medium","w":49.9,"data":{"shapes":[{"ty":"gr","it":[{"ind":0,"ty":"sh","ks":{"a":0,"k":{"i":[[0,0],[0,0],[0,0],[0,0],[0,0],[0,0],[0,0],[0,0],[0,0],[0,0],[0,0],[0,0]],"o":[[0,0],[0,0],[0,0],[0,0],[0,0],[0,0],[0,0],[0,0],[0,0],[0,0],[0,0],[0,0]],"v":[[36.26,0],[49.25,0],[31.32,-28.1],[49.25,-55.49],[37.26,-55.49],[25.98,-36.66],[14,-55.49],[1.01,-55.49],[18.93,-27.29],[1.01,0],[12.99,0],[24.27,-18.83]],"c":true}}}]}]},"fFamily":"Poppins"},{"ch":"t","size":17,"style":"Medium","w":37.2,"data":{"shapes":[{"ty":"gr","it":[{"ind":0,"ty":"sh","ks":{"a":0,"k":{"i":[[0,0],[-9.87,0],[0,0],[0,0],[0,0],[0,4.13],[0,0],[0,0],[0,0],[0,0],[0,0],[0,0],[0,0],[0,0],[0,0],[0,0]],"o":[[0,11.28],[0,0],[0,0],[0,0],[-4.83,0],[0,0],[0,0],[0,0],[0,0],[0,0],[0,0],[0,0],[0,0],[0,0],[0,0],[0,0]],"v":[[9.37,-15.41],[25.38,0],[34.44,0],[34.44,-9.57],[27.39,-9.57],[20.95,-15.41],[20.95,-46.12],[34.44,-46.12],[34.44,-55.49],[20.95,-55.49],[20.95,-69.29],[9.37,-69.29],[9.37,-55.49],[2.82,-55.49],[2.82,-46.12],[9.37,-46.12]],"c":true}}}]}]},"fFamily":"Poppins"},{"ch":"n","size":17,"style":"Medium","w":64.9,"data":{"shapes":[{"ty":"gr","it":[{"ind":0,"ty":"sh","ks":{"a":0,"k":{"i":[[0,0],[0,0],[0,0],[12.99,0],[3.73,-4.53],[0,0],[0,0],[0,0],[0,0],[0,0],[-8.46,0],[0,-10.17]],"o":[[0,0],[0,0],[0,-15.51],[-6.65,0],[0,0],[0,0],[0,0],[0,0],[0,0],[0,-10.17],[8.36,0],[0,0]],"v":[[46.93,0],[58.31,0],[58.31,-32.73],[35.55,-56.4],[19.03,-49.15],[19.03,-55.49],[7.55,-55.49],[7.55,0],[19.03,0],[19.03,-31.02],[33.03,-46.43],[46.93,-31.02]],"c":true}}}]}]},"fFamily":"Poppins"},{"ch":"s","size":17,"style":"Medium","w":53.4,"data":{"shapes":[{"ty":"gr","it":[{"ind":0,"ty":"sh","ks":{"a":0,"k":{"i":[[0,9.37],[0,11.18],[-6.14,0],[-0.4,-4.83],[0,0],[12.59,0],[0,-8.86],[0,-10.88],[6.65,0],[0.4,4.53],[0,0],[-13.29,0]],"o":[[-0.6,-20.04],[0,-3.73],[6.24,0],[0,0],[-0.6,-11.08],[-13.09,0],[0,20.34],[0,3.83],[-6.34,0],[0,0],[0.5,10.07],[13.09,0]],"v":[[48.94,-15.51],[17.02,-40.48],[26.39,-46.73],[36.76,-38.57],[48.24,-38.57],[26.79,-56.4],[5.44,-40.38],[37.67,-15.41],[27.49,-8.76],[16.42,-17.02],[4.53,-17.02],[27.7,0.91]],"c":true}}}]}]},"fFamily":"Poppins"},{"ch":"i","size":17,"style":"Medium","w":26.4,"data":{"shapes":[{"ty":"gr","it":[{"ind":0,"ty":"sh","ks":{"a":0,"k":{"i":[[0,0],[0,0],[0,0],[0,0]],"o":[[0,0],[0,0],[0,0],[0,0]],"v":[[7.55,0],[19.03,0],[19.03,-55.49],[7.55,-55.49]],"c":true}}},{"ind":1,"ty":"sh","ks":{"a":0,"k":{"i":[[-4.13,0],[0,4.13],[4.03,0],[0,-4.13]],"o":[[4.03,0],[0,-4.13],[-4.13,0],[0,4.13]],"v":[[13.39,-62.84],[20.65,-70.19],[13.39,-77.54],[6.04,-70.19]],"c":true}}}]}]},"fFamily":"Poppins"},{"ch":"o","size":17,"style":"Medium","w":63.8,"data":{"shapes":[{"ty":"gr","it":[{"ind":0,"ty":"sh","ks":{"a":0,"k":{"i":[[0,17.42],[15.81,0],[0,-17.42],[-15.81,0]],"o":[[0,-17.42],[-15.81,0],[0,17.42],[15.91,0]],"v":[[60.43,-27.79],[32.13,-56.4],[3.83,-27.79],[31.62,0.91]],"c":true}}},{"ind":1,"ty":"sh","ks":{"a":0,"k":{"i":[[0,12.59],[-8.66,0],[0,-12.59],[8.56,0]],"o":[[0,-12.59],[8.56,0],[0,12.59],[-8.66,0]],"v":[[15.51,-27.79],[31.92,-46.43],[48.64,-27.79],[31.62,-9.06]],"c":true}}}]}]},"fFamily":"Poppins"}]}
