{"v":"4.8.0","meta":{"g":"LottieFiles AE 3.5.3","a":"","k":"","d":"","tc":""},"fr":25,"ip":0,"op":60,"w":34,"h":34,"ddd":0,"assets":[],"layers":[{"ddd":0,"ind":1,"ty":4,"sr":1,"ks":{"o":{"a":0,"k":100},"r":{"a":1,"k":[{"i":{"x":[0.67],"y":[1]},"o":{"x":[0.33],"y":[0]},"t":0,"s":[0]},{"i":{"x":[0.67],"y":[1]},"o":{"x":[0.17],"y":[0]},"t":15,"s":[180]},{"i":{"x":[0.67],"y":[1]},"o":{"x":[0.33],"y":[0]},"t":30,"s":[180]},{"t":45,"s":[360]}]},"p":{"a":0,"k":[17,17,0]},"a":{"a":0,"k":[0,0,0]},"s":{"a":0,"k":[100,100,100]}},"ao":0,"shapes":[{"ty":"gr","it":[{"d":1,"ty":"el","s":{"a":0,"k":[8,8]},"p":{"a":0,"k":[-13,0]}},{"ty":"fl","c":{"a":0,"k":[0.039215687662,0.623529434204,0.407843142748,1]},"o":{"a":0,"k":100},"r":1,"bm":0},{"ty":"tr","p":{"a":0,"k":[0,0]},"a":{"a":0,"k":[0,0]},"s":{"a":0,"k":[100,100]},"r":{"a":0,"k":0},"o":{"a":0,"k":100},"sk":{"a":0,"k":0},"sa":{"a":0,"k":0}}],"bm":0},{"ty":"gr","it":[{"d":1,"ty":"el","s":{"a":0,"k":[8,8]},"p":{"a":0,"k":[0,13]}},{"ty":"fl","c":{"a":0,"k":[1,0.901960790157,0.396078437567,1]},"o":{"a":0,"k":100},"r":1,"bm":0},{"ty":"tr","p":{"a":0,"k":[0,0]},"a":{"a":0,"k":[0,0]},"s":{"a":0,"k":[100,100]},"r":{"a":0,"k":0},"o":{"a":0,"k":100},"sk":{"a":0,"k":0},"sa":{"a":0,"k":0}}],"bm":0},{"ty":"gr","it":[{"d":1,"ty":"el","s":{"a":0,"k":[8,8]},"p":{"a":0,"k":[13,0]}},{"ty":"fl","c":{"a":0,"k":[1,0.72549021244,0.972549021244,1]},"o":{"a":0,"k":100},"r":1,"bm":0},{"ty":"tr","p":{"a":0,"k":[0,0]},"a":{"a":0,"k":[0,0]},"s":{"a":0,"k":[100,100]},"r":{"a":0,"k":0},"o":{"a":0,"k":100},"sk":{"a":0,"k":0},"sa":{"a":0,"k":0}}],"bm":0},{"ty":"gr","it":[{"d":1,"ty":"el","s":{"a":0,"k":[8,8]},"p":{"a":0,"k":[0,-13]}},{"ty":"fl","c":{"a":0,"k":[0.443137254902,0.733333333333,1,1]},"o":{"a":0,"k":100},"r":1,"bm":0},{"ty":"tr","p":{"a":0,"k":[0,0]},"a":{"a":0,"k":[0,0]},"s":{"a":0,"k":[100,100]},"r":{"a":0,"k":0},"o":{"a":0,"k":100},"sk":{"a":0,"k":0},"sa":{"a":0,"k":0}}],"bm":0}],"ip":0,"op":450,"st":0,"bm":0}],"markers":[]}
