{"v":"4.8.0","meta":{"g":"LottieFiles AE 3.5.4","a":"","k":"","d":"","tc":""},"fr":25,"ip":0,"op":199,"w":180,"h":180,"ddd":0,"assets":[],"fonts":{"list":[{"fName":"IBMPlexMono-Medium","fFamily":"IBM Plex Mono","fStyle":"Medium","ascent":74}]},"layers":[{"ddd":0,"ind":1,"ty":4,"sr":1,"ks":{"o":{"a":0,"k":100},"r":{"a":0,"k":0},"p":{"a":0,"k":[90,90,0]},"a":{"a":0,"k":[0,0,0]},"s":{"a":0,"k":[100,100,100]}},"ao":0,"shapes":[{"ty":"gr","it":[{"d":1,"ty":"el","s":{"a":0,"k":[56,56]},"p":{"a":0,"k":[0,0]}},{"ty":"gs","o":{"a":0,"k":100},"w":{"a":0,"k":4},"g":{"p":5,"k":{"a":0,"k":[0,1,0.9,0.4,0.27,1,0.81,0.68,0.55,1,0.73,0.97,0.77,0.72,0.73,0.99,1,0.44,0.73,1,0.54,0.99,0.77,1,1,1]}},"s":{"a":0,"k":[-22.9,0]},"e":{"a":0,"k":[22.06,0]},"t":1,"lc":2,"lj":1,"ml":4,"ml2":{"a":0,"k":4},"bm":0},{"ty":"tr","p":{"a":0,"k":[0,0]},"a":{"a":0,"k":[0,0]},"s":{"a":0,"k":[100,100]},"r":{"a":0,"k":0},"o":{"a":0,"k":100},"sk":{"a":0,"k":0},"sa":{"a":0,"k":0}}],"bm":0},{"ty":"tm","s":{"a":1,"k":[{"i":{"x":[0],"y":[1]},"o":{"x":[0.33],"y":[0]},"t":65,"s":[0]},{"t":90,"s":[100]}]},"e":{"a":1,"k":[{"i":{"x":[0],"y":[1]},"o":{"x":[0.33],"y":[0]},"t":77,"s":[0]},{"t":90,"s":[100]}]},"o":{"a":0,"k":0},"m":1}],"ip":65,"op":90,"st":65,"bm":0},{"ddd":0,"ind":2,"ty":4,"sr":1,"ks":{"o":{"a":0,"k":100},"r":{"a":0,"k":0},"p":{"a":0,"k":[90,90,0]},"a":{"a":0,"k":[0,0,0]},"s":{"a":0,"k":[100,100,100]}},"ao":0,"shapes":[{"ty":"gr","it":[{"d":1,"ty":"el","s":{"a":0,"k":[56,56]},"p":{"a":0,"k":[0,0]}},{"ty":"gs","o":{"a":0,"k":100},"w":{"a":0,"k":4},"g":{"p":5,"k":{"a":0,"k":[0,1,0.9,0.4,0.27,1,0.81,0.68,0.55,1,0.73,0.97,0.77,0.72,0.73,0.99,1,0.44,0.73,1,0.54,0.99,0.77,1,1,1]}},"s":{"a":0,"k":[-22.9,0]},"e":{"a":0,"k":[22.06,0]},"t":1,"lc":2,"lj":1,"ml":4,"ml2":{"a":0,"k":4},"bm":0},{"ty":"tr","p":{"a":0,"k":[0,0]},"a":{"a":0,"k":[0,0]},"s":{"a":0,"k":[100,100]},"r":{"a":0,"k":0},"o":{"a":0,"k":100},"sk":{"a":0,"k":0},"sa":{"a":0,"k":0}}],"bm":0},{"ty":"tm","s":{"a":1,"k":[{"i":{"x":[0],"y":[1]},"o":{"x":[0.33],"y":[0]},"t":35,"s":[0]},{"t":60,"s":[100]}]},"e":{"a":1,"k":[{"i":{"x":[0],"y":[1]},"o":{"x":[0.33],"y":[0]},"t":47,"s":[0]},{"t":60,"s":[100]}]},"o":{"a":0,"k":0},"m":1}],"ip":35,"op":60,"st":35,"bm":0},{"ddd":0,"ind":3,"ty":4,"sr":1,"ks":{"o":{"a":0,"k":100},"r":{"a":0,"k":0},"p":{"a":0,"k":[90,90,0]},"a":{"a":0,"k":[0,0,0]},"s":{"a":0,"k":[100,100,100]}},"ao":0,"hasMask":true,"masksProperties":[{"inv":false,"mode":"a","pt":{"a":1,"k":[{"i":{"x":0,"y":1},"o":{"x":0.33,"y":0},"t":170,"s":[{"i":[[0,0],[0,0],[0,0],[0,0]],"o":[[0,0],[0,0],[0,0],[0,0]],"v":[[0,2],[0,2],[0,2],[0,2]],"c":true}]},{"t":175,"s":[{"i":[[38.66,0],[0,-38.66],[-38.66,0],[0,38.66]],"o":[[-38.66,0],[0,38.66],[38.66,0],[0,-38.66]],"v":[[0,-70.25],[-70,-0.25],[0,69.75],[70,-0.25]],"c":true}]}]},"o":{"a":0,"k":100},"x":{"a":0,"k":0}}],"shapes":[{"ty":"gr","it":[{"ind":0,"ty":"sh","ks":{"a":0,"k":{"i":[[-3.33,0],[-0.9,-2.31],[0,0],[1.41,0],[0,-2.67],[-2.35,0],[-0.63,1.26],[0,0],[2.47,0],[0,3.55]],"o":[[2.47,0],[0,0],[-0.63,-1.26],[-2.35,0],[0,2.67],[1.41,0],[0,0],[-0.9,2.31],[-3.33,0],[0,-3.53]],"v":[[-29.92,-5.81],[-24.43,-2.26],[-26.76,-2.26],[-29.92,-4.11],[-33.97,0.22],[-29.92,4.57],[-26.76,2.72],[-24.43,2.72],[-29.92,6.25],[-35.96,0.22]],"c":true}}},{"ind":1,"ty":"sh","ks":{"a":0,"k":{"i":[[2.69,0],[0,2.94],[-2.67,0],[0,-2.94]],"o":[[-2.67,0],[0,-2.94],[2.67,0],[0,2.94]],"v":[[-18.14,6.22],[-22.83,1.38],[-18.05,-3.45],[-13.28,1.38]],"c":true}}},{"ind":2,"ty":"sh","ks":{"a":0,"k":{"i":[[-1.46,0],[0,2.13],[1.45,0],[0,-2.12]],"o":[[1.45,0],[0,-2.12],[-1.46,0],[0,2.13]],"v":[[-18.13,4.58],[-15.25,1.42],[-18.08,-1.73],[-20.85,1.42]],"c":true}}},{"ind":3,"ty":"sh","ks":{"a":0,"k":{"i":[[0,0],[1.41,0],[0,-1.72],[0,0],[0,0],[0,0],[0,0],[0,0],[-1.12,0],[0,-2.62],[0,0],[0,0]],"o":[[0,-1.72],[-1.43,0],[0,0],[0,0],[0,0],[0,0],[0,0],[0.63,-0.77],[2.19,0],[0,0],[0,0],[0,0]],"v":[[-4.95,0.76],[-7.29,-1.84],[-9.66,0.76],[-9.66,6],[-11.6,6],[-11.6,-3.37],[-9.66,-3.37],[-9.66,-2.3],[-6.87,-3.52],[-3.03,0.47],[-3.03,6],[-4.95,6]],"c":true}}},{"ind":4,"ty":"sh","ks":{"a":0,"k":{"i":[[0,0],[1.41,0],[0,-1.72],[0,0],[0,0],[0,0],[0,0],[0,0],[-1.12,0],[0,-2.62],[0,0],[0,0]],"o":[[0,-1.72],[-1.43,0],[0,0],[0,0],[0,0],[0,0],[0,0],[0.63,-0.77],[2.19,0],[0,0],[0,0],[0,0]],"v":[[5.96,0.77],[3.61,-1.83],[1.25,0.77],[1.25,6],[-0.69,6],[-0.69,-3.36],[1.25,-3.36],[1.25,-2.29],[4.04,-3.52],[7.88,0.48],[7.88,6],[5.96,6]],"c":true}}},{"ind":5,"ty":"sh","ks":{"a":0,"k":{"i":[[2.3,0],[0,2.94],[-2.77,0],[0,-2.75],[0.05,-0.32],[0,0],[-1.43,0],[-0.36,0.73],[0,0]],"o":[[-2.69,0],[0,-2.94],[2.67,0],[0,0.32],[0,0],[0.14,1.55],[1.19,0],[0,0],[-0.53,1.63]],"v":[[14.4,6.18],[9.73,1.34],[14.4,-3.49],[18.96,1.12],[18.89,2.07],[11.74,2.07],[14.4,4.55],[16.61,3.24],[18.7,3.24]],"c":true}}},{"ind":6,"ty":"sh","ks":{"a":0,"k":{"i":[[0.2,-1.48],[0,0],[1.45,0]],"o":[[0,0],[-0.03,-1.44],[-1.31,0]],"v":[[11.75,0.53],[16.93,0.53],[14.32,-1.84]],"c":true}}},{"ind":7,"ty":"sh","ks":{"a":0,"k":{"i":[[-2.69,0],[-0.53,-1.97],[0,0],[1.16,0],[0,-2.04],[-1.56,0],[-0.36,0.97],[0,0],[2.3,0],[0,2.94]],"o":[[2.3,0],[0,0],[-0.32,-0.9],[-1.56,0],[0,2.06],[1.16,0],[0,0],[-0.53,1.84],[-2.69,0],[0,-2.92]],"v":[[24.8,-3.46],[29.12,-0.35],[27.03,-0.35],[24.8,-1.83],[22.2,1.37],[24.8,4.58],[27.03,3.1],[29.12,3.1],[24.8,6.21],[20.21,1.37]],"c":true}}},{"ind":8,"ty":"sh","ks":{"a":0,"k":{"i":[[0,0],[0,0],[0,0],[0,0],[0,0],[0,0],[0,0],[0,0],[0,0],[0,0],[0,0],[-0.82,0],[0,0],[0,0],[0,0],[0,1.9]],"o":[[0,0],[0,0],[0,0],[0,0],[0,0],[0,0],[0,0],[0,0],[0,0],[0,0],[0,0.7],[0,0],[0,0],[0,0],[-1.67,0],[0,0]],"v":[[31.11,-1.75],[30,-1.75],[30,-3.33],[31.11,-3.33],[31.11,-5.66],[33.06,-5.66],[33.06,-3.33],[35.34,-3.33],[35.34,-1.75],[33.06,-1.75],[33.06,3.44],[34.15,4.42],[35.34,4.42],[35.34,6.04],[33.81,6.04],[31.11,3.44]],"c":true}}},{"ty":"fl","c":{"a":0,"k":[1,0.992156862745,0.98431372549,1]},"o":{"a":0,"k":100},"r":1,"bm":0},{"ty":"tr","p":{"a":0,"k":[-0.31,0.22]},"a":{"a":0,"k":[-0.31,0.22]},"s":{"a":0,"k":[100,100]},"r":{"a":0,"k":0},"o":{"a":0,"k":100},"sk":{"a":0,"k":0},"sa":{"a":0,"k":0}}],"bm":0}],"ip":170,"op":205,"st":170,"bm":0},{"ddd":0,"ind":4,"ty":5,"sr":1,"ks":{"o":{"a":0,"k":100},"r":{"a":0,"k":0},"p":{"a":0,"k":[89.71,74.95,0]},"a":{"a":0,"k":[0,0,0]},"s":{"a":0,"k":[100,100,100]}},"ao":0,"hasMask":true,"masksProperties":[{"inv":false,"mode":"a","pt":{"a":1,"k":[{"i":{"x":0,"y":1},"o":{"x":0.33,"y":0},"t":100,"s":[{"i":[[0,0],[0,0],[0,0],[0,0]],"o":[[0,0],[0,0],[0,0],[0,0]],"v":[[0,13],[0,13],[0,13],[0,13]],"c":true}]},{"i":{"x":0.67,"y":1},"o":{"x":0.33,"y":0},"t":110,"s":[{"i":[[38.66,0],[0,-38.66],[-38.66,0],[0,38.66]],"o":[[-38.66,0],[0,38.66],[38.66,0],[0,-38.66]],"v":[[0,-54.75],[-70,15.25],[0,85.25],[70,15.25]],"c":true}]},{"i":{"x":0,"y":1},"o":{"x":0.33,"y":0},"t":165,"s":[{"i":[[38.66,0],[0,-38.66],[-38.66,0],[0,38.66]],"o":[[-38.66,0],[0,38.66],[38.66,0],[0,-38.66]],"v":[[0,-54.75],[-70,15.25],[0,85.25],[70,15.25]],"c":true}]},{"t":175,"s":[{"i":[[0,0],[0,0],[0,0],[0,0]],"o":[[0,0],[0,0],[0,0],[0,0]],"v":[[0,13],[0,13],[0,13],[0,13]],"c":true}]}]},"o":{"a":0,"k":100},"x":{"a":0,"k":0}}],"t":{"d":{"k":[{"s":{"s":14,"f":"IBMPlexMono-Medium","t":"00:03","j":2,"tr":25,"lh":16.8,"ls":0,"fc":[1,1,1]},"t":0}]},"p":{},"m":{"g":1,"a":{"a":0,"k":[0,0]}},"a":[]},"ip":160,"op":175,"st":95,"bm":0},{"ddd":0,"ind":5,"ty":5,"sr":1,"ks":{"o":{"a":0,"k":100},"r":{"a":0,"k":0},"p":{"a":0,"k":[89.71,74.95,0]},"a":{"a":0,"k":[0,0,0]},"s":{"a":0,"k":[100,100,100]}},"ao":0,"hasMask":true,"masksProperties":[{"inv":false,"mode":"a","pt":{"a":1,"k":[{"i":{"x":0,"y":1},"o":{"x":0.33,"y":0},"t":100,"s":[{"i":[[0,0],[0,0],[0,0],[0,0]],"o":[[0,0],[0,0],[0,0],[0,0]],"v":[[0,13],[0,13],[0,13],[0,13]],"c":true}]},{"i":{"x":0.67,"y":1},"o":{"x":0.33,"y":0},"t":110,"s":[{"i":[[38.66,0],[0,-38.66],[-38.66,0],[0,38.66]],"o":[[-38.66,0],[0,38.66],[38.66,0],[0,-38.66]],"v":[[0,-54.75],[-70,15.25],[0,85.25],[70,15.25]],"c":true}]},{"i":{"x":0,"y":1},"o":{"x":0.33,"y":0},"t":168,"s":[{"i":[[38.66,0],[0,-38.66],[-38.66,0],[0,38.66]],"o":[[-38.66,0],[0,38.66],[38.66,0],[0,-38.66]],"v":[[0,-54.75],[-70,15.25],[0,85.25],[70,15.25]],"c":true}]},{"t":178,"s":[{"i":[[0,0],[0,0],[0,0],[0,0]],"o":[[0,0],[0,0],[0,0],[0,0]],"v":[[0,13],[0,13],[0,13],[0,13]],"c":true}]}]},"o":{"a":0,"k":100},"x":{"a":0,"k":0}}],"t":{"d":{"k":[{"s":{"s":14,"f":"IBMPlexMono-Medium","t":"00:02","j":2,"tr":25,"lh":16.8,"ls":0,"fc":[1,1,1]},"t":0}]},"p":{},"m":{"g":1,"a":{"a":0,"k":[0,0]}},"a":[]},"ip":135,"op":160,"st":95,"bm":0},{"ddd":0,"ind":6,"ty":5,"sr":1,"ks":{"o":{"a":0,"k":100},"r":{"a":0,"k":0},"p":{"a":0,"k":[89.71,74.95,0]},"a":{"a":0,"k":[0,0,0]},"s":{"a":0,"k":[100,100,100]}},"ao":0,"hasMask":true,"masksProperties":[{"inv":false,"mode":"a","pt":{"a":1,"k":[{"i":{"x":0,"y":1},"o":{"x":0.33,"y":0},"t":100,"s":[{"i":[[0,0],[0,0],[0,0],[0,0]],"o":[[0,0],[0,0],[0,0],[0,0]],"v":[[0,13],[0,13],[0,13],[0,13]],"c":true}]},{"i":{"x":0.67,"y":1},"o":{"x":0.33,"y":0},"t":110,"s":[{"i":[[38.66,0],[0,-38.66],[-38.66,0],[0,38.66]],"o":[[-38.66,0],[0,38.66],[38.66,0],[0,-38.66]],"v":[[0,-54.75],[-70,15.25],[0,85.25],[70,15.25]],"c":true}]},{"i":{"x":0,"y":1},"o":{"x":0.33,"y":0},"t":168,"s":[{"i":[[38.66,0],[0,-38.66],[-38.66,0],[0,38.66]],"o":[[-38.66,0],[0,38.66],[38.66,0],[0,-38.66]],"v":[[0,-54.75],[-70,15.25],[0,85.25],[70,15.25]],"c":true}]},{"t":178,"s":[{"i":[[0,0],[0,0],[0,0],[0,0]],"o":[[0,0],[0,0],[0,0],[0,0]],"v":[[0,13],[0,13],[0,13],[0,13]],"c":true}]}]},"o":{"a":0,"k":100},"x":{"a":0,"k":0}}],"t":{"d":{"k":[{"s":{"s":14,"f":"IBMPlexMono-Medium","t":"00:01","j":2,"tr":25,"lh":16.8,"ls":0,"fc":[1,1,1]},"t":0}]},"p":{},"m":{"g":1,"a":{"a":0,"k":[0,0]}},"a":[]},"ip":110,"op":135,"st":95,"bm":0},{"ddd":0,"ind":7,"ty":5,"sr":1,"ks":{"o":{"a":0,"k":100},"r":{"a":0,"k":0},"p":{"a":0,"k":[89.71,74.95,0]},"a":{"a":0,"k":[0,0,0]},"s":{"a":0,"k":[100,100,100]}},"ao":0,"hasMask":true,"masksProperties":[{"inv":false,"mode":"a","pt":{"a":1,"k":[{"i":{"x":0,"y":1},"o":{"x":0.33,"y":0},"t":100,"s":[{"i":[[0,0],[0,0],[0,0],[0,0]],"o":[[0,0],[0,0],[0,0],[0,0]],"v":[[0,13],[0,13],[0,13],[0,13]],"c":true}]},{"i":{"x":0.67,"y":1},"o":{"x":0.33,"y":0},"t":110,"s":[{"i":[[38.66,0],[0,-38.66],[-38.66,0],[0,38.66]],"o":[[-38.66,0],[0,38.66],[38.66,0],[0,-38.66]],"v":[[0,-54.75],[-70,15.25],[0,85.25],[70,15.25]],"c":true}]},{"i":{"x":0,"y":1},"o":{"x":0.33,"y":0},"t":168,"s":[{"i":[[38.66,0],[0,-38.66],[-38.66,0],[0,38.66]],"o":[[-38.66,0],[0,38.66],[38.66,0],[0,-38.66]],"v":[[0,-54.75],[-70,15.25],[0,85.25],[70,15.25]],"c":true}]},{"t":178,"s":[{"i":[[0,0],[0,0],[0,0],[0,0]],"o":[[0,0],[0,0],[0,0],[0,0]],"v":[[0,13],[0,13],[0,13],[0,13]],"c":true}]}]},"o":{"a":0,"k":100},"x":{"a":0,"k":0}}],"t":{"d":{"k":[{"s":{"s":14,"f":"IBMPlexMono-Medium","t":"00:00","j":2,"tr":25,"lh":16.8,"ls":0,"fc":[1,1,1]},"t":0}]},"p":{},"m":{"g":1,"a":{"a":0,"k":[0,0]}},"a":[]},"ip":100,"op":110,"st":95,"bm":0},{"ddd":0,"ind":8,"ty":4,"sr":1,"ks":{"o":{"a":0,"k":100},"r":{"a":0,"k":0},"p":{"a":0,"k":[90,90,0]},"a":{"a":0,"k":[0,0,0]},"s":{"a":0,"k":[100,100,100]}},"ao":0,"hasMask":true,"masksProperties":[{"inv":false,"mode":"a","pt":{"a":1,"k":[{"i":{"x":0,"y":1},"o":{"x":0.33,"y":0},"t":100,"s":[{"i":[[0,0],[0,0],[0,0],[0,0]],"o":[[0,0],[0,0],[0,0],[0,0]],"v":[[0,2],[0,2],[0,2],[0,2]],"c":true}]},{"i":{"x":0.67,"y":1},"o":{"x":0.33,"y":0},"t":110,"s":[{"i":[[38.66,0],[0,-38.66],[-38.66,0],[0,38.66]],"o":[[-38.66,0],[0,38.66],[38.66,0],[0,-38.66]],"v":[[0,-70.25],[-70,-0.25],[0,69.75],[70,-0.25]],"c":true}]},{"i":{"x":0,"y":1},"o":{"x":0.33,"y":0},"t":165,"s":[{"i":[[38.66,0],[0,-38.66],[-38.66,0],[0,38.66]],"o":[[-38.66,0],[0,38.66],[38.66,0],[0,-38.66]],"v":[[0,-70.25],[-70,-0.25],[0,69.75],[70,-0.25]],"c":true}]},{"t":175,"s":[{"i":[[0,0],[0,0],[0,0],[0,0]],"o":[[0,0],[0,0],[0,0],[0,0]],"v":[[0,2],[0,2],[0,2],[0,2]],"c":true}]}]},"o":{"a":0,"k":100},"x":{"a":0,"k":0}}],"shapes":[{"ty":"gr","it":[{"ind":0,"ty":"sh","ks":{"a":0,"k":{"i":[[0,-3.65],[3.79,0],[0,0],[0,0],[0,0]],"o":[[0,3.64],[0,0],[0,0],[0,0],[3.79,0]],"v":[[-36.37,8.11],[-42.65,13.97],[-46.51,13.97],[-46.51,2.16],[-42.65,2.16]],"c":true}}},{"ind":1,"ty":"sh","ks":{"a":0,"k":{"i":[[2.69,0],[0,2.94],[-2.67,0],[0,-2.94]],"o":[[-2.67,0],[0,-2.94],[2.67,0],[0,2.94]],"v":[[-6.48,14.19],[-11.17,9.35],[-6.4,4.52],[-1.62,9.35]],"c":true}}},{"ind":2,"ty":"sh","ks":{"a":0,"k":{"i":[[-1.46,0],[0,2.13],[1.45,0],[0,-2.12]],"o":[[1.45,0],[0,-2.12],[-1.46,0],[0,2.13]],"v":[[-6.47,12.55],[-3.6,9.39],[-6.42,6.24],[-9.19,9.39]],"c":true}}},{"ind":3,"ty":"sh","ks":{"a":0,"k":{"i":[[0,0],[1.41,0],[0,-1.72],[0,0],[0,0],[0,0],[0,0],[0,0],[-1.12,0],[0,-2.62],[0,0],[0,0]],"o":[[0,-1.72],[-1.43,0],[0,0],[0,0],[0,0],[0,0],[0,0],[0.63,-0.77],[2.19,0],[0,0],[0,0],[0,0]],"v":[[6.71,8.73],[4.36,6.13],[2,8.73],[2,13.97],[0.06,13.97],[0.06,4.6],[2,4.6],[2,5.67],[4.79,4.45],[8.63,8.44],[8.63,13.97],[6.71,13.97]],"c":true}}},{"ind":4,"ty":"sh","ks":{"a":0,"k":{"i":[[0,0],[1.41,0],[0,-1.72],[0,0],[0,0],[0,0],[0,0],[0,0],[-1.12,0],[0,-2.62],[0,0],[0,0]],"o":[[0,-1.72],[-1.43,0],[0,0],[0,0],[0,0],[0,0],[0,0],[0.63,-0.77],[2.19,0],[0,0],[0,0],[0,0]],"v":[[17.61,8.74],[15.27,6.14],[12.91,8.74],[12.91,13.97],[10.97,13.97],[10.97,4.61],[12.91,4.61],[12.91,5.68],[15.69,4.45],[19.53,8.45],[19.53,13.97],[17.61,13.97]],"c":true}}},{"ind":5,"ty":"sh","ks":{"a":0,"k":{"i":[[2.3,0],[0,2.94],[-2.77,0],[0,-2.75],[0.05,-0.32],[0,0],[-1.43,0],[-0.36,0.73],[0,0]],"o":[[-2.69,0],[0,-2.94],[2.67,0],[0,0.32],[0,0],[0.14,1.55],[1.19,0],[0,0],[-0.53,1.63]],"v":[[26.06,14.15],[21.39,9.3],[26.06,4.48],[30.62,9.08],[30.55,10.04],[23.39,10.04],[26.06,12.52],[28.27,11.21],[30.36,11.21]],"c":true}}},{"ind":6,"ty":"sh","ks":{"a":0,"k":{"i":[[0.2,-1.48],[0,0],[1.45,0]],"o":[[0,0],[-0.03,-1.44],[-1.31,0]],"v":[[23.41,8.49],[28.59,8.49],[25.97,6.13]],"c":true}}},{"ind":7,"ty":"sh","ks":{"a":0,"k":{"i":[[-2.69,0],[-0.53,-1.97],[0,0],[1.16,0],[0,-2.04],[-1.56,0],[-0.36,0.97],[0,0],[2.3,0],[0,2.94]],"o":[[2.3,0],[0,0],[-0.32,-0.9],[-1.56,0],[0,2.06],[1.16,0],[0,0],[-0.53,1.84],[-2.69,0],[0,-2.92]],"v":[[36.46,4.51],[40.78,7.62],[38.69,7.62],[36.46,6.14],[33.86,9.34],[36.46,12.55],[38.69,11.07],[40.78,11.07],[36.46,14.18],[31.87,9.34]],"c":true}}},{"ind":8,"ty":"sh","ks":{"a":0,"k":{"i":[[0,0],[0,0],[0,0],[0,0],[0,0],[0,0],[0,0],[0,0],[0,0],[0,0],[0,0],[-0.82,0],[0,0],[0,0],[0,0],[0,1.9]],"o":[[0,0],[0,0],[0,0],[0,0],[0,0],[0,0],[0,0],[0,0],[0,0],[0,0],[0,0.7],[0,0],[0,0],[0,0],[-1.67,0],[0,0]],"v":[[42.76,6.22],[41.66,6.22],[41.66,4.64],[42.76,4.64],[42.76,2.31],[44.72,2.31],[44.72,4.64],[46.99,4.64],[46.99,6.22],[44.72,6.22],[44.72,11.4],[45.8,12.39],[46.99,12.39],[46.99,14],[45.46,14],[42.76,11.4]],"c":true}}},{"ind":9,"ty":"sh","ks":{"a":0,"k":{"i":[[0,0],[0,2.69],[2.79,0],[0,0],[0,0]],"o":[[2.79,0],[0,-2.7],[0,0],[0,0],[0,0]],"v":[[-42.62,12.33],[-38.34,8.04],[-42.62,3.67],[-44.54,3.67],[-44.54,12.33]],"c":true}}},{"ind":10,"ty":"sh","ks":{"a":0,"k":{"i":[[0,0],[0,0],[0,0],[0,0]],"o":[[0,0],[0,0],[0,0],[0,0]],"v":[[-34.47,4.63],[-32.53,4.63],[-32.53,14],[-34.47,14]],"c":true}}},{"ind":11,"ty":"sh","ks":{"a":0,"k":{"i":[[0,0.7],[-0.7,0],[0,-0.7],[0.68,0]],"o":[[0,-0.7],[0.68,0],[0,0.7],[-0.7,0]],"v":[[-34.72,1.99],[-33.48,0.75],[-32.26,1.99],[-33.48,3.23]],"c":true}}},{"ind":12,"ty":"sh","ks":{"a":0,"k":{"i":[[2.21,0],[0.09,1.7],[0,0],[-1.07,0],[0,0.65],[0,3.43],[-2.21,0],[-0.1,-1.87],[0,0],[1.05,0],[0,-0.63],[-0.1,-3.38]],"o":[[-2.24,0],[0,0],[0.07,0.77],[1.12,0],[0,-1.84],[0,-1.5],[2.13,0],[0,0],[-0.07,-0.81],[-1.04,0],[0,1.89],[0,1.58]],"v":[[-26.47,14.27],[-30.38,11.25],[-28.38,11.25],[-26.51,12.64],[-24.79,11.52],[-30.23,7.3],[-26.62,4.6],[-23,7.61],[-24.94,7.61],[-26.69,6.23],[-28.27,7.29],[-22.88,11.5]],"c":true}}},{"ind":13,"ty":"sh","ks":{"a":0,"k":{"i":[[-2.69,0],[-0.53,-1.97],[0,0],[1.16,0],[0,-2.04],[-1.56,0],[-0.36,0.97],[0,0],[2.3,0],[0,2.94]],"o":[[2.3,0],[0,0],[-0.32,-0.9],[-1.56,0],[0,2.06],[1.16,0],[0,0],[-0.53,1.84],[-2.69,0],[0,-2.92]],"v":[[-16.67,4.53],[-12.35,7.64],[-14.44,7.64],[-16.67,6.16],[-19.27,9.36],[-16.67,12.57],[-14.44,11.09],[-12.35,11.09],[-16.67,14.2],[-21.25,9.36]],"c":true}}},{"ty":"gf","o":{"a":0,"k":100},"r":1,"bm":0,"g":{"p":5,"k":{"a":1,"k":[{"i":{"x":0,"y":1},"o":{"x":0.33,"y":0},"t":150,"s":[0,1,0.99,0.98,0.25,1,0.99,0.98,0.5,1,0.99,0.98,0.75,1,0.99,0.98,1,1,0.99,0.98]},{"t":155,"s":[0,0.44,0.73,1,0.25,0.72,0.73,0.99,0.5,1,0.73,0.97,0.75,1,0.81,0.68,1,1,0.9,0.4]}]}},"s":{"a":0,"k":[-35.83,0]},"e":{"a":0,"k":[35.42,0]},"t":1},{"ty":"tr","p":{"a":0,"k":[-0.31,0.22]},"a":{"a":0,"k":[-0.31,0.22]},"s":{"a":0,"k":[100,100]},"r":{"a":0,"k":0},"o":{"a":0,"k":100},"sk":{"a":0,"k":0},"sa":{"a":0,"k":0}}],"bm":0}],"ip":100,"op":175,"st":95,"bm":0},{"ddd":0,"ind":9,"ty":4,"sr":1,"ks":{"o":{"a":0,"k":100},"r":{"a":0,"k":0},"p":{"a":0,"k":[90,90,0]},"a":{"a":0,"k":[0,0,0]},"s":{"a":0,"k":[100,100,100]}},"ao":0,"hasMask":true,"masksProperties":[{"inv":false,"mode":"a","pt":{"a":1,"k":[{"i":{"x":0,"y":1},"o":{"x":0.33,"y":0},"t":25,"s":[{"i":[[38.66,0],[0,-38.66],[-38.66,0],[0,38.66]],"o":[[-38.66,0],[0,38.66],[38.66,0],[0,-38.66]],"v":[[0,-70.25],[-70,-0.25],[0,69.75],[70,-0.25]],"c":true}]},{"t":35,"s":[{"i":[[0,0],[0,0],[0,0],[0,0]],"o":[[0,0],[0,0],[0,0],[0,0]],"v":[[0,2],[0,2],[0,2],[0,2]],"c":true}]}]},"o":{"a":0,"k":100},"x":{"a":0,"k":0}}],"shapes":[{"ty":"gr","it":[{"ind":0,"ty":"sh","ks":{"a":0,"k":{"i":[[-3.33,0],[-0.9,-2.31],[0,0],[1.41,0],[0,-2.67],[-2.35,0],[-0.63,1.26],[0,0],[2.47,0],[0,3.55]],"o":[[2.47,0],[0,0],[-0.63,-1.26],[-2.35,0],[0,2.67],[1.41,0],[0,0],[-0.9,2.31],[-3.33,0],[0,-3.53]],"v":[[-29.92,-5.81],[-24.43,-2.26],[-26.76,-2.26],[-29.92,-4.11],[-33.97,0.22],[-29.92,4.57],[-26.76,2.72],[-24.43,2.72],[-29.92,6.25],[-35.96,0.22]],"c":true}}},{"ind":1,"ty":"sh","ks":{"a":0,"k":{"i":[[2.69,0],[0,2.94],[-2.67,0],[0,-2.94]],"o":[[-2.67,0],[0,-2.94],[2.67,0],[0,2.94]],"v":[[-18.14,6.22],[-22.83,1.38],[-18.05,-3.45],[-13.28,1.38]],"c":true}}},{"ind":2,"ty":"sh","ks":{"a":0,"k":{"i":[[-1.46,0],[0,2.13],[1.45,0],[0,-2.12]],"o":[[1.45,0],[0,-2.12],[-1.46,0],[0,2.13]],"v":[[-18.13,4.58],[-15.25,1.42],[-18.08,-1.73],[-20.85,1.42]],"c":true}}},{"ind":3,"ty":"sh","ks":{"a":0,"k":{"i":[[0,0],[1.41,0],[0,-1.72],[0,0],[0,0],[0,0],[0,0],[0,0],[-1.12,0],[0,-2.62],[0,0],[0,0]],"o":[[0,-1.72],[-1.43,0],[0,0],[0,0],[0,0],[0,0],[0,0],[0.63,-0.77],[2.19,0],[0,0],[0,0],[0,0]],"v":[[-4.95,0.76],[-7.29,-1.84],[-9.66,0.76],[-9.66,6],[-11.6,6],[-11.6,-3.37],[-9.66,-3.37],[-9.66,-2.3],[-6.87,-3.52],[-3.03,0.47],[-3.03,6],[-4.95,6]],"c":true}}},{"ind":4,"ty":"sh","ks":{"a":0,"k":{"i":[[0,0],[1.41,0],[0,-1.72],[0,0],[0,0],[0,0],[0,0],[0,0],[-1.12,0],[0,-2.62],[0,0],[0,0]],"o":[[0,-1.72],[-1.43,0],[0,0],[0,0],[0,0],[0,0],[0,0],[0.63,-0.77],[2.19,0],[0,0],[0,0],[0,0]],"v":[[5.96,0.77],[3.61,-1.83],[1.25,0.77],[1.25,6],[-0.69,6],[-0.69,-3.36],[1.25,-3.36],[1.25,-2.29],[4.04,-3.52],[7.88,0.48],[7.88,6],[5.96,6]],"c":true}}},{"ind":5,"ty":"sh","ks":{"a":0,"k":{"i":[[2.3,0],[0,2.94],[-2.77,0],[0,-2.75],[0.05,-0.32],[0,0],[-1.43,0],[-0.36,0.73],[0,0]],"o":[[-2.69,0],[0,-2.94],[2.67,0],[0,0.32],[0,0],[0.14,1.55],[1.19,0],[0,0],[-0.53,1.63]],"v":[[14.4,6.18],[9.73,1.34],[14.4,-3.49],[18.96,1.12],[18.89,2.07],[11.74,2.07],[14.4,4.55],[16.61,3.24],[18.7,3.24]],"c":true}}},{"ind":6,"ty":"sh","ks":{"a":0,"k":{"i":[[0.2,-1.48],[0,0],[1.45,0]],"o":[[0,0],[-0.03,-1.44],[-1.31,0]],"v":[[11.75,0.53],[16.93,0.53],[14.32,-1.84]],"c":true}}},{"ind":7,"ty":"sh","ks":{"a":0,"k":{"i":[[-2.69,0],[-0.53,-1.97],[0,0],[1.16,0],[0,-2.04],[-1.56,0],[-0.36,0.97],[0,0],[2.3,0],[0,2.94]],"o":[[2.3,0],[0,0],[-0.32,-0.9],[-1.56,0],[0,2.06],[1.16,0],[0,0],[-0.53,1.84],[-2.69,0],[0,-2.92]],"v":[[24.8,-3.46],[29.12,-0.35],[27.03,-0.35],[24.8,-1.83],[22.2,1.37],[24.8,4.58],[27.03,3.1],[29.12,3.1],[24.8,6.21],[20.21,1.37]],"c":true}}},{"ind":8,"ty":"sh","ks":{"a":0,"k":{"i":[[0,0],[0,0],[0,0],[0,0],[0,0],[0,0],[0,0],[0,0],[0,0],[0,0],[0,0],[-0.82,0],[0,0],[0,0],[0,0],[0,1.9]],"o":[[0,0],[0,0],[0,0],[0,0],[0,0],[0,0],[0,0],[0,0],[0,0],[0,0],[0,0.7],[0,0],[0,0],[0,0],[-1.67,0],[0,0]],"v":[[31.11,-1.75],[30,-1.75],[30,-3.33],[31.11,-3.33],[31.11,-5.66],[33.06,-5.66],[33.06,-3.33],[35.34,-3.33],[35.34,-1.75],[33.06,-1.75],[33.06,3.44],[34.15,4.42],[35.34,4.42],[35.34,6.04],[33.81,6.04],[31.11,3.44]],"c":true}}},{"ty":"gf","o":{"a":0,"k":100},"r":1,"bm":0,"g":{"p":5,"k":{"a":1,"k":[{"i":{"x":0,"y":1},"o":{"x":0.33,"y":0},"t":10,"s":[0,1,0.99,0.98,0.25,1,0.99,0.98,0.5,1,0.99,0.98,0.75,1,0.99,0.98,1,1,0.99,0.98]},{"t":15,"s":[0,0.44,0.73,1,0.25,0.72,0.73,0.99,0.5,1,0.73,0.97,0.75,1,0.81,0.68,1,1,0.9,0.4]}]}},"s":{"a":0,"k":[-35.83,0]},"e":{"a":0,"k":[35.42,0]},"t":1},{"ty":"tr","p":{"a":0,"k":[-0.31,0.22]},"a":{"a":0,"k":[-0.31,0.22]},"s":{"a":0,"k":[100,100]},"r":{"a":0,"k":0},"o":{"a":0,"k":100},"sk":{"a":0,"k":0},"sa":{"a":0,"k":0}}],"bm":0}],"ip":0,"op":35,"st":0,"bm":0},{"ddd":0,"ind":10,"ty":4,"sr":1,"ks":{"o":{"a":0,"k":100},"r":{"a":0,"k":0},"p":{"a":0,"k":[90,90,0]},"a":{"a":0,"k":[0,0,0]},"s":{"a":0,"k":[100,100,100]}},"ao":0,"shapes":[{"ty":"gr","it":[{"d":1,"ty":"el","s":{"a":1,"k":[{"i":{"x":[0,0],"y":[1,1]},"o":{"x":[0.33,0.33],"y":[0,0]},"t":10,"s":[128,128]},{"i":{"x":[0.67,0.67],"y":[1,1]},"o":{"x":[0.33,0.33],"y":[0,0]},"t":15,"s":[136,136]},{"i":{"x":[0.67,0.67],"y":[1,1]},"o":{"x":[0.33,0.33],"y":[0,0]},"t":25,"s":[136,136]},{"i":{"x":[0.67,0.67],"y":[1,1]},"o":{"x":[0.33,0.33],"y":[0,0]},"t":28,"s":[120,120]},{"i":{"x":[0.67,0.67],"y":[1,1]},"o":{"x":[0.33,0.33],"y":[0,0]},"t":31,"s":[132,132]},{"i":{"x":[0.67,0.67],"y":[1,1]},"o":{"x":[0.33,0.33],"y":[0,0]},"t":35,"s":[128,128]},{"i":{"x":[0.67,0.67],"y":[1,1]},"o":{"x":[0.33,0.33],"y":[0,0]},"t":90,"s":[128,128]},{"i":{"x":[0.67,0.67],"y":[1,1]},"o":{"x":[1,1],"y":[0,0]},"t":95,"s":[120,120]},{"i":{"x":[0,0],"y":[1,1]},"o":{"x":[0.33,0.33],"y":[0,0]},"t":105,"s":[140,140]},{"i":{"x":[0.67,0.67],"y":[1,1]},"o":{"x":[0.17,0.17],"y":[0,0]},"t":115,"s":[128,128]},{"i":{"x":[0,0],"y":[1,1]},"o":{"x":[0.33,0.33],"y":[0,0]},"t":150,"s":[128,128]},{"i":{"x":[0.67,0.67],"y":[1,1]},"o":{"x":[0.33,0.33],"y":[0,0]},"t":155,"s":[136,136]},{"i":{"x":[0.67,0.67],"y":[1,1]},"o":{"x":[0.33,0.33],"y":[0,0]},"t":165,"s":[136,136]},{"i":{"x":[0.67,0.67],"y":[1,1]},"o":{"x":[0.33,0.33],"y":[0,0]},"t":168,"s":[120,120]},{"i":{"x":[0.67,0.67],"y":[1,1]},"o":{"x":[0.33,0.33],"y":[0,0]},"t":171,"s":[132,132]},{"t":175,"s":[128,128]}]},"p":{"a":0,"k":[0,0]}},{"ty":"gf","o":{"a":0,"k":100},"r":1,"bm":0,"g":{"p":3,"k":{"a":1,"k":[{"i":{"x":0,"y":1},"o":{"x":0.33,"y":0},"t":10,"s":[0,0.31,0.29,0.29,0.5,0.25,0.24,0.24,1,0.2,0.19,0.18]},{"i":{"x":0.67,"y":1},"o":{"x":0.33,"y":0},"t":15,"s":[0,0.26,0.26,0.25,0.5,0.2,0.19,0.18,1,0.14,0.13,0.12]},{"i":{"x":0.67,"y":1},"o":{"x":0.33,"y":0},"t":25,"s":[0,0.26,0.26,0.25,0.5,0.2,0.19,0.18,1,0.14,0.13,0.12]},{"i":{"x":0.67,"y":1},"o":{"x":0.17,"y":0},"t":28,"s":[0,0.31,0.29,0.29,0.5,0.25,0.24,0.24,1,0.2,0.19,0.18]},{"i":{"x":0,"y":1},"o":{"x":0.33,"y":0},"t":150,"s":[0,0.31,0.29,0.29,0.5,0.25,0.24,0.24,1,0.2,0.19,0.18]},{"i":{"x":0.67,"y":1},"o":{"x":0.33,"y":0},"t":155,"s":[0,0.26,0.26,0.25,0.5,0.2,0.19,0.18,1,0.14,0.13,0.12]},{"i":{"x":0.67,"y":1},"o":{"x":0.33,"y":0},"t":165,"s":[0,0.26,0.26,0.25,0.5,0.2,0.19,0.18,1,0.14,0.13,0.12]},{"t":168,"s":[0,0.31,0.29,0.29,0.5,0.25,0.24,0.24,1,0.2,0.19,0.18]}]}},"s":{"a":0,"k":[-17.79,-50.73]},"e":{"a":0,"k":[12.35,45.85]},"t":1},{"ty":"tr","p":{"a":0,"k":[0,0]},"a":{"a":0,"k":[0,0]},"s":{"a":0,"k":[100,100]},"r":{"a":0,"k":0},"o":{"a":0,"k":100},"sk":{"a":0,"k":0},"sa":{"a":0,"k":0}}],"bm":0}],"ip":0,"op":448,"st":0,"bm":0},{"ddd":0,"ind":13,"ty":4,"sr":1,"ks":{"o":{"a":0,"k":100},"r":{"a":0,"k":0},"p":{"a":0,"k":[90,90,0]},"a":{"a":0,"k":[0,0,0]},"s":{"a":0,"k":[100,100,100]}},"ao":0,"shapes":[{"ty":"gr","it":[{"d":1,"ty":"el","s":{"a":1,"k":[{"i":{"x":[0,0],"y":[1,1]},"o":{"x":[0.33,0.33],"y":[0,0]},"t":100,"s":[64,64]},{"t":115,"s":[172,172]}]},"p":{"a":0,"k":[0,0]}},{"ty":"gs","o":{"a":0,"k":100},"w":{"a":1,"k":[{"i":{"x":[0],"y":[1]},"o":{"x":[0.33],"y":[0]},"t":100,"s":[54]},{"t":115,"s":[0]}]},"g":{"p":5,"k":{"a":0,"k":[0,0.44,0.73,1,0.25,0.72,0.73,0.99,0.5,1,0.73,0.97,0.75,1,0.81,0.68,1,1,0.9,0.4,0,0.99,0.5,1,1,1]}},"s":{"a":0,"k":[-47.01,-73.83]},"e":{"a":0,"k":[56.3,64.88]},"t":2,"h":{"a":0,"k":0},"a":{"a":0,"k":0},"lc":1,"lj":1,"ml":4,"ml2":{"a":0,"k":4},"bm":0},{"ty":"tr","p":{"a":0,"k":[0,0]},"a":{"a":0,"k":[0,0]},"s":{"a":0,"k":[100,100]},"r":{"a":0,"k":0},"o":{"a":0,"k":100},"sk":{"a":0,"k":0},"sa":{"a":0,"k":0}}],"bm":0}],"ip":100,"op":120,"st":100,"bm":0}],"markers":[],"chars":[{"ch":"0","size":14,"style":"Medium","w":60,"data":{"shapes":[{"ty":"gr","it":[{"ind":0,"ty":"sh","ks":{"a":0,"k":{"i":[[-17.82,0],[0,22.96],[17.83,0],[0,-22.96]],"o":[[17.83,0],[0,-22.96],[-17.82,0],[0,22.96]],"v":[[30.21,1.21],[55.99,-35.15],[30.21,-71.5],[4.43,-35.15]],"c":true}}},{"ind":1,"ty":"sh","ks":{"a":0,"k":{"i":[[10.27,0],[0,12.89],[0,0],[-10.27,0],[0,-12.89],[0,0]],"o":[[-10.27,0],[0,0],[0,-12.89],[10.27,0],[0,0],[0,12.89]],"v":[[30.21,-8.06],[16.01,-29.1],[16.01,-41.19],[30.21,-62.24],[44.41,-41.19],[44.41,-29.1]],"c":true}}},{"ind":2,"ty":"sh","ks":{"a":0,"k":{"i":[[-4.63,0],[0,2.72],[0,0],[4.63,0],[0,-2.72],[0,0]],"o":[[4.63,0],[0,0],[0,-2.72],[-4.63,0],[0,0],[0,2.72]],"v":[[30.21,-29.2],[36.46,-34.04],[36.46,-36.26],[30.21,-41.09],[23.97,-36.26],[23.97,-34.04]],"c":true}}}],"bm":0}]},"fFamily":"IBM Plex Mono"},{"ch":":","size":14,"style":"Medium","w":60,"data":{"shapes":[{"ty":"gr","it":[{"ind":0,"ty":"sh","ks":{"a":0,"k":{"i":[[-6.34,0],[0,3.83],[0,0],[6.35,0],[0,-3.83],[0,0]],"o":[[6.35,0],[0,0],[0,-3.83],[-6.34,0],[0,0],[0,3.83]],"v":[[30.21,-36.46],[38.97,-43.4],[38.97,-46.02],[30.21,-52.97],[21.45,-46.02],[21.45,-43.4]],"c":true}}},{"ind":1,"ty":"sh","ks":{"a":0,"k":{"i":[[-6.34,0],[0,3.83],[0,0],[6.35,0],[0,-3.83],[0,0]],"o":[[6.35,0],[0,0],[0,-3.83],[-6.34,0],[0,0],[0,3.83]],"v":[[30.21,1.01],[38.97,-5.94],[38.97,-8.56],[30.21,-15.51],[21.45,-8.56],[21.45,-5.94]],"c":true}}}],"bm":0}]},"fFamily":"IBM Plex Mono"},{"ch":"1","size":14,"style":"Medium","w":60,"data":{"shapes":[{"ty":"gr","it":[{"ind":0,"ty":"sh","ks":{"a":0,"k":{"i":[[0,0],[0,0],[0,0],[0,0],[0,0],[0,0],[0,0],[0,0],[0,0],[0,0],[0,0],[0,0]],"o":[[0,0],[0,0],[0,0],[0,0],[0,0],[0,0],[0,0],[0,0],[0,0],[0,0],[0,0],[0,0]],"v":[[56.9,0],[56.9,-9.37],[39.88,-9.37],[39.88,-70.29],[22.46,-70.29],[4.53,-50.86],[11.48,-44.61],[27.8,-62.04],[28.6,-62.04],[28.6,-9.37],[8.86,-9.37],[8.86,0]],"c":true}}}],"bm":0}]},"fFamily":"IBM Plex Mono"},{"ch":"2","size":14,"style":"Medium","w":60,"data":{"shapes":[{"ty":"gr","it":[{"ind":0,"ty":"sh","ks":{"a":0,"k":{"i":[[0,0],[0,0],[0,0],[0,11.18],[14.6,0],[2.82,-8.86],[0,0],[-7.75,0],[0,-7.35],[0,0],[7.15,-6.34],[0,0],[0,0],[0,0]],"o":[[0,0],[0,0],[9.87,-8.16],[0,-11.98],[-14.3,0],[0,0],[1.91,-6.44],[7.55,0],[0,0],[0,6.35],[0,0],[0,0],[0,0],[0,0]],"v":[[54.89,-9.57],[18.53,-9.57],[35.55,-23.87],[52.57,-50.86],[29.71,-71.5],[5.44,-54.38],[15.31,-50.66],[28.9,-61.73],[40.69,-50.25],[40.69,-49.15],[29.31,-30.82],[6.35,-10.78],[6.35,0],[54.89,0]],"c":true}}}],"bm":0}]},"fFamily":"IBM Plex Mono"},{"ch":"3","size":14,"style":"Medium","w":60,"data":{"shapes":[{"ty":"gr","it":[{"ind":0,"ty":"sh","ks":{"a":0,"k":{"i":[[0,0],[0,0],[0,0],[0,-7.15],[0,0],[8.76,0],[3.53,5.64],[0,0],[-13.09,0],[0,12.29],[8.06,1.51],[0,0],[0,8.96],[13.29,0],[4.43,-6.14],[0,0],[-6.75,0],[0,-6.44],[0,0],[8.96,0]],"o":[[0,0],[0,0],[9.27,0],[0,0],[0,7.25],[-8.36,0],[0,0],[4.43,6.45],[15.51,0],[0,-10.17],[0,0],[7.55,-1.61],[0,-11.38],[-11.88,0],[0,0],[3.22,-5.34],[7.05,0],[0,0],[0,5.74],[0,0]],"v":[[20.04,-41.29],[20.04,-31.82],[27.59,-31.82],[41.9,-20.64],[41.9,-19.84],[28.2,-8.26],[12.19,-17.82],[3.83,-11.38],[28.1,1.21],[53.78,-19.34],[38.67,-36.76],[38.67,-37.26],[52.37,-53.37],[29.31,-71.5],[6.55,-59.92],[14.2,-53.37],[28.9,-62.04],[40.59,-52.07],[40.59,-51.36],[27.29,-41.29]],"c":true}}}],"bm":0}]},"fFamily":"IBM Plex Mono"}]}
