{"v":"4.8.0","meta":{"g":"LottieFiles AE 3.5.4","a":"","k":"","d":"","tc":""},"fr":25,"ip":0,"op":100,"w":255,"h":134,"nm":"streaming_img","ddd":0,"assets":[],"layers":[{"ddd":0,"ind":1,"ty":4,"nm":"play","sr":1,"ks":{"o":{"a":0,"k":100,"ix":11},"r":{"a":0,"k":0,"ix":10},"p":{"a":0,"k":[130.375,58,0],"ix":2},"a":{"a":0,"k":[0,0,0],"ix":1},"s":{"a":0,"k":[100,100,100],"ix":6}},"ao":0,"shapes":[{"ty":"gr","it":[{"ind":0,"ty":"sh","ix":1,"ks":{"a":1,"k":[{"i":{"x":0,"y":1},"o":{"x":0.333,"y":0},"t":25,"s":[{"i":[[0.611,0.503],[0,0],[0,0],[0.823,-0.389],[0,-1.062],[0,0],[0,0],[0,0]],"o":[[0,0],[0,0],[-0.82,-0.675],[-0.823,0.388],[0,0],[0,0],[0,0],[0,-0.719]],"v":[[10.568,7.093],[1.597,-0.295],[-7.373,-7.683],[-10.044,-8.016],[-11.485,-5.742],[-11.485,1.645],[-11.485,9.033],[11.485,9.033]],"c":true}]},{"i":{"x":0.667,"y":1},"o":{"x":0.167,"y":0},"t":35,"s":[{"i":[[1.105,0],[0,0],[0,-1.105],[0,0],[-1.105,0],[0,0],[0,1.105],[0,0]],"o":[[0,0],[-1.105,0],[0,0],[0,1.105],[0,0],[1.105,0],[0,0],[0,-1.105]],"v":[[-7.696,-4.625],[-10.625,-4.625],[-12.625,-2.625],[-12.625,19.375],[-10.625,21.375],[-7.696,21.375],[-5.696,19.375],[-5.696,-2.625]],"c":true}]},{"i":{"x":0,"y":1},"o":{"x":0.333,"y":0},"t":75,"s":[{"i":[[1.105,0],[0,0],[0,-1.105],[0,0],[-1.105,0],[0,0],[0,1.105],[0,0]],"o":[[0,0],[-1.105,0],[0,0],[0,1.105],[0,0],[1.105,0],[0,0],[0,-1.105]],"v":[[-7.696,-4.625],[-10.625,-4.625],[-12.625,-2.625],[-12.625,19.375],[-10.625,21.375],[-7.696,21.375],[-5.696,19.375],[-5.696,-2.625]],"c":true}]},{"t":85,"s":[{"i":[[0.611,0.503],[0,0],[0,0],[0.823,-0.389],[0,-1.062],[0,0],[0,0],[0,0]],"o":[[0,0],[0,0],[-0.82,-0.675],[-0.823,0.388],[0,0],[0,0],[0,0],[0,-0.719]],"v":[[10.568,7.093],[1.597,-0.295],[-7.373,-7.683],[-10.044,-8.016],[-11.485,-5.742],[-11.485,1.645],[-11.485,9.033],[11.485,9.033]],"c":true}]}],"ix":2},"nm":"Path 1","mn":"ADBE Vector Shape - Group","hd":false},{"ind":1,"ty":"sh","ix":2,"ks":{"a":1,"k":[{"i":{"x":0,"y":1},"o":{"x":0.333,"y":0},"t":25,"s":[{"i":[[0,0],[0,0.719],[0,0],[0,0],[0,0],[-0.823,-0.389],[-0.82,0.675],[0,0]],"o":[[0.611,-0.503],[0,0],[0,0],[0,0],[0,1.062],[0.823,0.389],[0,0],[0,0]],"v":[[10.554,10.97],[11.47,9.029],[-11.499,9.029],[-11.499,16.416],[-11.499,23.804],[-10.058,26.078],[-7.387,25.745],[1.583,18.358]],"c":true}]},{"i":{"x":0.667,"y":1},"o":{"x":0.167,"y":0},"t":35,"s":[{"i":[[0,0],[0,-1.105],[0,0],[1.105,0],[0,0],[0,1.105],[0,0],[-1.105,0]],"o":[[1.105,0],[0,0],[0,1.105],[0,0],[-1.105,0],[0,0],[0,-1.105],[0,0]],"v":[[4.96,-4.625],[6.96,-2.625],[6.96,19.375],[4.96,21.375],[2.031,21.375],[0.031,19.375],[0.031,-2.625],[2.031,-4.625]],"c":true}]},{"i":{"x":0,"y":1},"o":{"x":0.333,"y":0},"t":75,"s":[{"i":[[0,0],[0,-1.105],[0,0],[1.105,0],[0,0],[0,1.105],[0,0],[-1.105,0]],"o":[[1.105,0],[0,0],[0,1.105],[0,0],[-1.105,0],[0,0],[0,-1.105],[0,0]],"v":[[4.96,-4.625],[6.96,-2.625],[6.96,19.375],[4.96,21.375],[2.031,21.375],[0.031,19.375],[0.031,-2.625],[2.031,-4.625]],"c":true}]},{"t":85,"s":[{"i":[[0,0],[0,0.719],[0,0],[0,0],[0,0],[-0.823,-0.389],[-0.82,0.675],[0,0]],"o":[[0.611,-0.503],[0,0],[0,0],[0,0],[0,1.062],[0.823,0.389],[0,0],[0,0]],"v":[[10.554,10.97],[11.47,9.029],[-11.499,9.029],[-11.499,16.416],[-11.499,23.804],[-10.058,26.078],[-7.387,25.745],[1.583,18.358]],"c":true}]}],"ix":2},"nm":"Path 2","mn":"ADBE Vector Shape - Group","hd":false},{"ty":"gf","o":{"a":0,"k":100,"ix":10},"r":1,"bm":0,"g":{"p":9,"k":{"a":0,"k":[0.044,1,0.725,0.973,0.165,0.722,0.729,0.986,0.285,0.443,0.733,1,0.432,0.722,0.729,0.986,0.578,1,0.725,0.973,0.711,1,0.814,0.684,0.845,1,0.902,0.396,0.922,1,0.902,0.396,1,1,0.902,0.396],"ix":9}},"s":{"a":0,"k":[-11.768,-8.28],"ix":5},"e":{"a":0,"k":[6.139,21.102],"ix":6},"t":1,"nm":"Gradient Fill 1","mn":"ADBE Vector Graphic - G-Fill","hd":false},{"ty":"tr","p":{"a":0,"k":[-0.007,9.031],"ix":2},"a":{"a":0,"k":[-0.007,9.031],"ix":1},"s":{"a":0,"k":[100,100],"ix":3},"r":{"a":0,"k":0,"ix":6},"o":{"a":0,"k":100,"ix":7},"sk":{"a":0,"k":0,"ix":4},"sa":{"a":0,"k":0,"ix":5},"nm":"Transform"}],"nm":"Group 1","np":3,"cix":2,"bm":0,"ix":1,"mn":"ADBE Vector Group","hd":false}],"ip":0,"op":450,"st":0,"bm":0},{"ddd":0,"ind":2,"ty":4,"nm":"circle","sr":1,"ks":{"o":{"a":0,"k":100,"ix":11},"r":{"a":0,"k":0,"ix":10},"p":{"a":0,"k":[127.5,67,0],"ix":2},"a":{"a":0,"k":[0,0,0],"ix":1},"s":{"a":0,"k":[100,100,100],"ix":6}},"ao":0,"shapes":[{"ty":"gr","it":[{"d":1,"ty":"el","s":{"a":0,"k":[56,56],"ix":2},"p":{"a":0,"k":[0,0],"ix":3},"nm":"Ellipse Path 1","mn":"ADBE Vector Shape - Ellipse","hd":false},{"ty":"st","c":{"a":0,"k":[0.670588235294,0.670588235294,0.670588235294,1],"ix":3},"o":{"a":0,"k":100,"ix":4},"w":{"a":0,"k":1,"ix":5},"lc":1,"lj":1,"ml":4,"bm":0,"nm":"Stroke 1","mn":"ADBE Vector Graphic - Stroke","hd":false},{"ty":"tr","p":{"a":0,"k":[0,0],"ix":2},"a":{"a":0,"k":[0,0],"ix":1},"s":{"a":0,"k":[100,100],"ix":3},"r":{"a":0,"k":0,"ix":6},"o":{"a":0,"k":100,"ix":7},"sk":{"a":0,"k":0,"ix":4},"sa":{"a":0,"k":0,"ix":5},"nm":"Transform"}],"nm":"Ellipse 1","np":3,"cix":2,"bm":0,"ix":1,"mn":"ADBE Vector Group","hd":false}],"ip":0,"op":450,"st":0,"bm":0},{"ddd":0,"ind":3,"ty":4,"nm":"timeline 2","sr":1,"ks":{"o":{"a":0,"k":100,"ix":11},"r":{"a":0,"k":0,"ix":10},"p":{"a":0,"k":[82.062,108.375,0],"ix":2},"a":{"a":0,"k":[0,0,0],"ix":1},"s":{"a":0,"k":[100,100,100],"ix":6}},"ao":0,"shapes":[{"ty":"gr","it":[{"ind":0,"ty":"sh","ix":1,"ks":{"a":1,"k":[{"i":{"x":0.667,"y":1},"o":{"x":0.333,"y":0},"t":25,"s":[{"i":[[0,0],[0,0],[-1.366,0],[0,0],[0,0]],"o":[[0,0],[0,1.38],[0,0],[0,0],[0,0]],"v":[[-17.039,-2.422],[-17.039,0.079],[-14.566,2.578],[16.961,2.578],[16.961,-2.422]],"c":true}]},{"i":{"x":0.667,"y":1},"o":{"x":0.333,"y":0},"t":40,"s":[{"i":[[0,0],[0,0],[-1.366,0],[0,0],[0,0]],"o":[[0,0],[0,1.38],[0,0],[0,0],[0,0]],"v":[[-17.039,-2.422],[-17.039,0.079],[-14.566,2.578],[28.711,2.531],[28.711,-2.469]],"c":true}]},{"i":{"x":0.667,"y":1},"o":{"x":0.333,"y":0},"t":55,"s":[{"i":[[0,0],[0,0],[-1.366,0],[0,0],[0,0]],"o":[[0,0],[0,1.38],[0,0],[0,0],[0,0]],"v":[[-17.039,-2.422],[-17.039,0.079],[-14.566,2.578],[16.961,2.578],[16.961,-2.422]],"c":true}]},{"i":{"x":0.667,"y":1},"o":{"x":0.333,"y":0},"t":70,"s":[{"i":[[0,0],[0,0],[-1.366,0],[0,0],[0,0]],"o":[[0,0],[0,1.38],[0,0],[0,0],[0,0]],"v":[[-17.039,-2.422],[-17.039,0.079],[-14.566,2.578],[28.711,2.531],[28.711,-2.469]],"c":true}]},{"t":85,"s":[{"i":[[0,0],[0,0],[-1.366,0],[0,0],[0,0]],"o":[[0,0],[0,1.38],[0,0],[0,0],[0,0]],"v":[[-17.039,-2.422],[-17.039,0.079],[-14.566,2.578],[16.961,2.578],[16.961,-2.422]],"c":true}]}],"ix":2},"nm":"Path 1","mn":"ADBE Vector Shape - Group","hd":false},{"ty":"gf","o":{"a":0,"k":100,"ix":10},"r":1,"bm":0,"g":{"p":11,"k":{"a":0,"k":[0,0.443,0.733,1,0.111,0.241,0.678,0.704,0.223,0.039,0.624,0.408,0.311,0.52,0.675,0.69,0.4,1,0.725,0.973,0.554,1,0.725,0.973,0.707,1,0.725,0.973,0.776,1,0.814,0.684,0.845,1,0.902,0.396,0.922,1,0.902,0.396,1,1,0.902,0.396],"ix":9}},"s":{"a":0,"k":[-17.162,-2.155],"ix":5},"e":{"a":1,"k":[{"i":{"x":0.667,"y":1},"o":{"x":0.333,"y":0},"t":25,"s":[20.872,2.313],"to":[1.355,0.039],"ti":[0,0]},{"i":{"x":0.667,"y":1},"o":{"x":0.333,"y":0},"t":40,"s":[29.003,2.549],"to":[0,0],"ti":[0,0]},{"i":{"x":0.667,"y":1},"o":{"x":0.333,"y":0},"t":55,"s":[20.872,2.313],"to":[0,0],"ti":[0,0]},{"i":{"x":0.667,"y":1},"o":{"x":0.333,"y":0},"t":70,"s":[29.003,2.549],"to":[0,0],"ti":[1.355,0.039]},{"t":85,"s":[20.872,2.313]}],"ix":6},"t":1,"nm":"Gradient Fill 1","mn":"ADBE Vector Graphic - G-Fill","hd":false},{"ty":"tr","p":{"a":0,"k":[2.029,0.07],"ix":2},"a":{"a":0,"k":[2.029,0.07],"ix":1},"s":{"a":0,"k":[100,100],"ix":3},"r":{"a":0,"k":0,"ix":6},"o":{"a":0,"k":100,"ix":7},"sk":{"a":0,"k":0,"ix":4},"sa":{"a":0,"k":0,"ix":5},"nm":"Transform"}],"nm":"Group 1","np":2,"cix":2,"bm":0,"ix":1,"mn":"ADBE Vector Group","hd":false}],"ip":0,"op":450,"st":0,"bm":0},{"ddd":0,"ind":4,"ty":4,"nm":"timeline","sr":1,"ks":{"o":{"a":0,"k":100,"ix":11},"r":{"a":0,"k":0,"ix":10},"p":{"a":0,"k":[127.5,108.312,0],"ix":2},"a":{"a":0,"k":[0,0,0],"ix":1},"s":{"a":0,"k":[100,100,100],"ix":6}},"ao":0,"shapes":[{"ind":0,"ty":"sh","ix":1,"ks":{"a":0,"k":{"i":[[0,0],[0,0],[-1.381,0],[0,0],[0,1.38],[0,0]],"o":[[0,0],[0,1.38],[0,0],[1.381,0],[0,0],[0,0]],"v":[[-62.5,-2.344],[-62.5,0.157],[-60,2.656],[60,2.656],[62.5,0.157],[62.5,-2.344]],"c":true},"ix":2},"nm":"Path 1","mn":"ADBE Vector Shape - Group","hd":false},{"ty":"fl","c":{"a":0,"k":[0.937254901961,0.937254901961,0.937254901961,1],"ix":4},"o":{"a":0,"k":100,"ix":5},"r":1,"bm":0,"nm":"Fill 1","mn":"ADBE Vector Graphic - Fill","hd":false}],"ip":0,"op":450,"st":0,"bm":0},{"ddd":0,"ind":5,"ty":4,"nm":"screen","sr":1,"ks":{"o":{"a":0,"k":100,"ix":11},"r":{"a":0,"k":0,"ix":10},"p":{"a":0,"k":[127.5,67,0],"ix":2},"a":{"a":0,"k":[0,0,0],"ix":1},"s":{"a":0,"k":[100,100,100],"ix":6}},"ao":0,"ef":[{"ty":25,"nm":"Drop Shadow","np":8,"mn":"ADBE Drop Shadow","ix":1,"en":1,"ef":[{"ty":2,"nm":"Shadow Color","mn":"ADBE Drop Shadow-0001","ix":1,"v":{"a":0,"k":[0,0,0,1],"ix":1}},{"ty":0,"nm":"Opacity","mn":"ADBE Drop Shadow-0002","ix":2,"v":{"a":0,"k":25.5,"ix":2}},{"ty":0,"nm":"Direction","mn":"ADBE Drop Shadow-0003","ix":3,"v":{"a":0,"k":180,"ix":3}},{"ty":0,"nm":"Distance","mn":"ADBE Drop Shadow-0004","ix":4,"v":{"a":0,"k":4,"ix":4}},{"ty":0,"nm":"Softness","mn":"ADBE Drop Shadow-0005","ix":5,"v":{"a":0,"k":12,"ix":5}},{"ty":7,"nm":"Shadow Only","mn":"ADBE Drop Shadow-0006","ix":6,"v":{"a":0,"k":0,"ix":6}}]}],"shapes":[{"ty":"gr","it":[{"ty":"rc","d":1,"s":{"a":0,"k":[125,88],"ix":2},"p":{"a":0,"k":[0,0],"ix":3},"r":{"a":0,"k":3,"ix":4},"nm":"Rectangle Path 1","mn":"ADBE Vector Shape - Rect","hd":false},{"ty":"gf","o":{"a":0,"k":100,"ix":10},"r":1,"bm":0,"g":{"p":3,"k":{"a":0,"k":[0,1,1,1,0.5,0.99,0.99,0.99,1,0.98,0.98,0.98],"ix":9}},"s":{"a":0,"k":[-61.796,-43.157],"ix":5},"e":{"a":0,"k":[63.356,44.883],"ix":6},"t":1,"nm":"Gradient Fill 1","mn":"ADBE Vector Graphic - G-Fill","hd":false},{"ty":"tr","p":{"a":0,"k":[0,0],"ix":2},"a":{"a":0,"k":[0,0],"ix":1},"s":{"a":0,"k":[100,100],"ix":3},"r":{"a":0,"k":0,"ix":6},"o":{"a":0,"k":100,"ix":7},"sk":{"a":0,"k":0,"ix":4},"sa":{"a":0,"k":0,"ix":5},"nm":"Transform"}],"nm":"Rectangle 1","np":3,"cix":2,"bm":0,"ix":1,"mn":"ADBE Vector Group","hd":false}],"ip":0,"op":450,"st":0,"bm":0},{"ddd":0,"ind":6,"ty":4,"nm":"bg","sr":1,"ks":{"o":{"a":0,"k":100,"ix":11},"r":{"a":0,"k":0,"ix":10},"p":{"a":0,"k":[127.5,67,0],"ix":2},"a":{"a":0,"k":[0,0,0],"ix":1},"s":{"a":0,"k":[100,100,100],"ix":6}},"ao":0,"shapes":[{"ty":"gr","it":[{"ty":"rc","d":1,"s":{"a":0,"k":[255,134],"ix":2},"p":{"a":0,"k":[0,0],"ix":3},"r":{"a":0,"k":4,"ix":4},"nm":"Rectangle Path 1","mn":"ADBE Vector Shape - Rect","hd":false},{"ty":"fl","c":{"a":0,"k":[0.960784313725,0.960784313725,0.960784313725,1],"ix":4},"o":{"a":0,"k":100,"ix":5},"r":1,"bm":0,"nm":"Fill 1","mn":"ADBE Vector Graphic - Fill","hd":false},{"ty":"tr","p":{"a":0,"k":[0,0],"ix":2},"a":{"a":0,"k":[0,0],"ix":1},"s":{"a":0,"k":[100,100],"ix":3},"r":{"a":0,"k":0,"ix":6},"o":{"a":0,"k":100,"ix":7},"sk":{"a":0,"k":0,"ix":4},"sa":{"a":0,"k":0,"ix":5},"nm":"Transform"}],"nm":"Rectangle 1","np":3,"cix":2,"bm":0,"ix":1,"mn":"ADBE Vector Group","hd":false}],"ip":0,"op":450,"st":0,"bm":0}],"markers":[]}
