{"v":"4.8.0","meta":{"g":"LottieFiles AE 3.5.4","a":"","k":"","d":"","tc":""},"fr":25,"ip":0,"op":70,"w":255,"h":134,"nm":"download_img","ddd":0,"assets":[],"layers":[{"ddd":0,"ind":1,"ty":4,"nm":"Shape Layer 3","sr":1,"ks":{"o":{"a":0,"k":100,"ix":11},"r":{"a":0,"k":0,"ix":10},"p":{"a":1,"k":[{"i":{"x":0,"y":1},"o":{"x":0.333,"y":0},"t":0,"s":[127.5,52,0],"to":[0,6.917,0],"ti":[0,-6.917,0]},{"t":25,"s":[127.5,93.5,0]}],"ix":2},"a":{"a":0,"k":[0,0,0],"ix":1},"s":{"a":0,"k":[100,100,100],"ix":6}},"ao":0,"hasMask":true,"masksProperties":[{"inv":false,"mode":"a","pt":{"a":1,"k":[{"i":{"x":0,"y":1},"o":{"x":0.333,"y":0},"t":0,"s":[{"i":[[0,0],[0,0],[0,0],[0,0]],"o":[[0,0],[0,0],[0,0],[0,0]],"v":[[-21.826,9.081],[-21.826,46.095],[21.826,46.095],[21.826,9.081]],"c":true}]},{"i":{"x":0.667,"y":1},"o":{"x":0.333,"y":0},"t":20,"s":[{"i":[[0,0],[0,0],[0,0],[0,0]],"o":[[0,0],[0,0],[0,0],[0,0]],"v":[[-21.826,-28.419],[-21.826,28.595],[21.826,28.595],[21.826,-28.419]],"c":true}]},{"t":35,"s":[{"i":[[0,0],[0,0],[0,0],[0,0]],"o":[[0,0],[0,0],[0,0],[0,0]],"v":[[-21.75,28.331],[-21.826,28.595],[21.826,28.595],[21.902,28.331]],"c":true}]}],"ix":1},"o":{"a":0,"k":100,"ix":3},"x":{"a":0,"k":0,"ix":4},"nm":"Mask 1"}],"shapes":[{"ty":"gr","it":[{"ind":0,"ty":"sh","ix":1,"ks":{"a":1,"k":[{"i":{"x":0,"y":1},"o":{"x":0.333,"y":0},"t":0,"s":[{"i":[[0,0],[1.485,1.795],[0,0],[-3.143,0],[0,0],[0,0],[-2.051,0],[0,0],[0.012,-2.06],[0,0],[0,0],[2.004,-2.422]],"o":[[-1.485,1.795],[0,0],[-2.004,-2.422],[0,0],[0,0],[0,-2.051],[0,0],[2.06,0],[0,0],[0,0],[3.143,0],[0,0]],"v":[[2.861,7.249],[-2.861,7.249],[-20.966,-14.628],[-18.105,-20.71],[-9.75,-20.71],[-9.75,-24.704],[-6.036,-28.419],[6.169,-28.419],[9.883,-24.683],[9.75,-20.71],[18.105,-20.71],[20.966,-14.628]],"c":true}]},{"t":25,"s":[{"i":[[0,0],[1.485,1.795],[0,0],[-3.143,0],[0,0],[0,0],[-2.051,0],[0,0],[0.012,-2.06],[0,0],[0,0],[2.004,-2.422]],"o":[[-1.485,1.795],[0,0],[-2.004,-2.422],[0,0],[0,0],[0,-2.051],[0,0],[2.06,0],[0,0],[0,0],[3.143,0],[0,0]],"v":[[2.861,26.624],[-2.861,26.624],[-20.966,4.747],[-18.105,-1.335],[-9.75,-1.335],[-9.75,-24.704],[-6.036,-28.419],[6.169,-28.419],[9.883,-24.683],[9.75,-1.335],[18.105,-1.335],[20.966,4.747]],"c":true}]}],"ix":2},"nm":"Path 1","mn":"ADBE Vector Shape - Group","hd":false},{"ty":"gf","o":{"a":0,"k":100,"ix":10},"r":1,"bm":0,"g":{"p":13,"k":{"a":0,"k":[0,1,0.725,0.973,0.102,1,0.725,0.973,0.204,1,0.725,0.973,0.285,0.722,0.729,0.986,0.365,0.443,0.733,1,0.42,0.443,0.733,1,0.474,0.443,0.733,1,0.53,0.722,0.729,0.986,0.585,1,0.725,0.973,0.653,1,0.725,0.973,0.721,1,0.725,0.973,0.791,1,0.814,0.684,0.861,1,0.902,0.396],"ix":9}},"s":{"a":0,"k":[11.769,-29.125],"ix":5},"e":{"a":0,"k":[-22.986,16.792],"ix":6},"t":1,"nm":"Gradient Fill 1","mn":"ADBE Vector Graphic - G-Fill","hd":false},{"ty":"tr","p":{"a":0,"k":[0,-0.224],"ix":2},"a":{"a":0,"k":[0,-0.224],"ix":1},"s":{"a":0,"k":[100,100],"ix":3},"r":{"a":0,"k":0,"ix":6},"o":{"a":0,"k":100,"ix":7},"sk":{"a":0,"k":0,"ix":4},"sa":{"a":0,"k":0,"ix":5},"nm":"Transform"}],"nm":"Group 1","np":2,"cix":2,"bm":0,"ix":1,"mn":"ADBE Vector Group","hd":false}],"ip":0,"op":450,"st":0,"bm":0},{"ddd":0,"ind":2,"ty":4,"nm":"Shape Layer 1","sr":1,"ks":{"o":{"a":0,"k":100,"ix":11},"r":{"a":0,"k":0,"ix":10},"p":{"a":1,"k":[{"i":{"x":0.667,"y":1},"o":{"x":0.333,"y":0},"t":0,"s":[127.5,58,0],"to":[-0.833,0,0],"ti":[0,0,0]},{"i":{"x":0.667,"y":1},"o":{"x":0.333,"y":0},"t":35,"s":[122.5,58,0],"to":[0,0,0],"ti":[-0.833,0,0]},{"t":70,"s":[127.5,58,0]}],"ix":2},"a":{"a":0,"k":[0,0,0],"ix":1},"s":{"a":0,"k":[100,100,100],"ix":6}},"ao":0,"ef":[{"ty":25,"nm":"Drop Shadow","np":8,"mn":"ADBE Drop Shadow","ix":1,"en":1,"ef":[{"ty":2,"nm":"Shadow Color","mn":"ADBE Drop Shadow-0001","ix":1,"v":{"a":0,"k":[0,0,0,1],"ix":1}},{"ty":0,"nm":"Opacity","mn":"ADBE Drop Shadow-0002","ix":2,"v":{"a":0,"k":25.5,"ix":2}},{"ty":0,"nm":"Direction","mn":"ADBE Drop Shadow-0003","ix":3,"v":{"a":0,"k":180,"ix":3}},{"ty":0,"nm":"Distance","mn":"ADBE Drop Shadow-0004","ix":4,"v":{"a":0,"k":4,"ix":4}},{"ty":0,"nm":"Softness","mn":"ADBE Drop Shadow-0005","ix":5,"v":{"a":0,"k":12,"ix":5}},{"ty":7,"nm":"Shadow Only","mn":"ADBE Drop Shadow-0006","ix":6,"v":{"a":0,"k":0,"ix":6}}]}],"shapes":[{"ty":"gr","it":[{"ind":0,"ty":"sh","ix":1,"ks":{"a":0,"k":{"i":[[0,-12.426],[-12.446,0],[0,0],[0,10.438],[10.455,0],[0.162,1.011],[11.232,0],[1.661,-0.39],[0.717,1.145],[9.677,0],[0,-14.912],[0.148,0.022],[1.129,0]],"o":[[0,12.426],[0,0],[10.455,0],[0,-10.438],[-1.025,0],[-1.71,-10.733],[-1.78,0],[-1.317,0.309],[-4.779,-7.629],[-14.935,0],[0,0.15],[-1.085,-0.16],[-12.446,0]],"v":[[-64,13.5],[-41.465,36],[45.07,36],[64,17.1],[45.07,-1.8],[42.986,-3.564],[20.732,-22.5],[15.558,-21.904],[12.128,-23.296],[-10.817,-36],[-37.859,-9],[-38.141,-8.757],[-41.465,-9]],"c":true},"ix":2},"nm":"Path 1","mn":"ADBE Vector Shape - Group","hd":false},{"ty":"gf","o":{"a":0,"k":100,"ix":10},"r":1,"bm":0,"g":{"p":3,"k":{"a":0,"k":[0,1,1,1,0.5,0.984,0.984,0.984,1,0.969,0.969,0.969],"ix":9}},"s":{"a":0,"k":[-64.141,-36.083],"ix":5},"e":{"a":0,"k":[63.682,36.153],"ix":6},"t":1,"nm":"Gradient Fill 1","mn":"ADBE Vector Graphic - G-Fill","hd":false},{"ty":"tr","p":{"a":0,"k":[0,0],"ix":2},"a":{"a":0,"k":[0,0],"ix":1},"s":{"a":0,"k":[100,100],"ix":3},"r":{"a":0,"k":0,"ix":6},"o":{"a":0,"k":100,"ix":7},"sk":{"a":0,"k":0,"ix":4},"sa":{"a":0,"k":0,"ix":5},"nm":"Transform"}],"nm":"Group 1","np":2,"cix":2,"bm":0,"ix":1,"mn":"ADBE Vector Group","hd":false}],"ip":0,"op":450,"st":0,"bm":0},{"ddd":0,"ind":3,"ty":4,"nm":"Shape Layer 2","sr":1,"ks":{"o":{"a":0,"k":100,"ix":11},"r":{"a":0,"k":0,"ix":10},"p":{"a":1,"k":[{"i":{"x":0.667,"y":1},"o":{"x":0.333,"y":0},"t":0,"s":[170,44,0],"to":[0.833,0,0],"ti":[0,0,0]},{"i":{"x":0.667,"y":1},"o":{"x":0.333,"y":0},"t":35,"s":[175,44,0],"to":[0,0,0],"ti":[0.833,0,0]},{"t":70,"s":[170,44,0]}],"ix":2},"a":{"a":0,"k":[0,0,0],"ix":1},"s":{"a":0,"k":[100,100,100],"ix":6}},"ao":0,"shapes":[{"ty":"gr","it":[{"ind":0,"ty":"sh","ix":1,"ks":{"a":0,"k":{"i":[[0,-9.147],[9.237,0],[0,0],[0,7.684],[-7.759,0],[-0.12,0.745],[-8.336,0],[-1.233,-0.287],[-0.533,0.843],[-7.182,0],[0,-10.977],[-0.11,0.016],[-0.838,0]],"o":[[0,9.147],[0,0],[-7.759,0],[0,-7.684],[0.762,0],[1.27,-7.9],[1.321,0],[0.978,0.227],[3.546,-5.616],[11.085,0],[0,0.11],[0.805,-0.118],[9.237,0]],"v":[[47.5,9.938],[30.775,26.5],[-33.451,26.5],[-47.5,12.588],[-33.451,-1.325],[-31.904,-2.624],[-15.387,-16.562],[-11.547,-16.124],[-9.001,-17.148],[8.028,-26.5],[28.099,-6.625],[28.308,-6.446],[30.775,-6.625]],"c":true},"ix":2},"nm":"Path 1","mn":"ADBE Vector Shape - Group","hd":false},{"ty":"gf","o":{"a":0,"k":100,"ix":10},"r":1,"bm":0,"g":{"p":3,"k":{"a":0,"k":[0,0.839,0.839,0.839,0.5,0.9,0.9,0.9,1,0.961,0.961,0.961],"ix":9}},"s":{"a":0,"k":[37.905,-25.342],"ix":5},"e":{"a":0,"k":[-22.066,24.877],"ix":6},"t":1,"nm":"Gradient Fill 1","mn":"ADBE Vector Graphic - G-Fill","hd":false},{"ty":"tr","p":{"a":0,"k":[0,0],"ix":2},"a":{"a":0,"k":[0,0],"ix":1},"s":{"a":0,"k":[100,100],"ix":3},"r":{"a":0,"k":0,"ix":6},"o":{"a":0,"k":100,"ix":7},"sk":{"a":0,"k":0,"ix":4},"sa":{"a":0,"k":0,"ix":5},"nm":"Transform"}],"nm":"Group 1","np":2,"cix":2,"bm":0,"ix":1,"mn":"ADBE Vector Group","hd":false}],"ip":0,"op":450,"st":0,"bm":0},{"ddd":0,"ind":4,"ty":4,"nm":"bg","sr":1,"ks":{"o":{"a":0,"k":100,"ix":11},"r":{"a":0,"k":0,"ix":10},"p":{"a":0,"k":[127.5,67,0],"ix":2},"a":{"a":0,"k":[0,0,0],"ix":1},"s":{"a":0,"k":[100,100,100],"ix":6}},"ao":0,"shapes":[{"ty":"gr","it":[{"ty":"rc","d":1,"s":{"a":0,"k":[255,134],"ix":2},"p":{"a":0,"k":[0,0],"ix":3},"r":{"a":0,"k":4,"ix":4},"nm":"Rectangle Path 1","mn":"ADBE Vector Shape - Rect","hd":false},{"ty":"fl","c":{"a":0,"k":[0.960784313725,0.960784313725,0.960784313725,1],"ix":4},"o":{"a":0,"k":100,"ix":5},"r":1,"bm":0,"nm":"Fill 1","mn":"ADBE Vector Graphic - Fill","hd":false},{"ty":"tr","p":{"a":0,"k":[0,0],"ix":2},"a":{"a":0,"k":[0,0],"ix":1},"s":{"a":0,"k":[100,100],"ix":3},"r":{"a":0,"k":0,"ix":6},"o":{"a":0,"k":100,"ix":7},"sk":{"a":0,"k":0,"ix":4},"sa":{"a":0,"k":0,"ix":5},"nm":"Transform"}],"nm":"Rectangle 1","np":3,"cix":2,"bm":0,"ix":1,"mn":"ADBE Vector Group","hd":false}],"ip":0,"op":450,"st":0,"bm":0}],"markers":[]}
