{
        "type": "object",
        "properties": {
                "MobilityPrintServerHosts": {
                        "title": "Mobility Print server hosts",
                        "description": "An array of hostnames or IP addresses of the Mobility Print server in your organisation. For example http://myhost.mydomain.com:9163, http://192.168.1.2:9163",
                        "type": "array",
                        "items": {
                                "type": "string"
                        },
                        "examples": [
                                "http://myhost.mydomain.com:9163",
                                "http://192.168.1.2:9163"
                        ]
                },
                "CloudPrintInviteLinks": {
                        "title": "Mobility Print off-network links",
                        "description": "An array of off-network links of  Mobility Print server in your organisation. For example http://publicip:9163/serverid/token",
                        "type": "array",
                        "items": {
                                "type": "string"
                        },
                        "examples": [
                                "https://mobilityprint.papercut.com/OrgID/InstanceID/?token=tokenCreationToken"
                        ]
                },
                "PrintDeployServerHosts": {
                        "title": "Print Deploy server hosts",
                        "description": "An array of hostname(s) or IP address(es) of the Print Deploy server(s) in your organisation, e.g., '192.168.1.2', 'mysite.com'. Do not include scheme and port number.",
                        "type": "array",
                        "items": {
                                "type": "string"
                        },
                        "examples": [
                                "myhost.mydomain.com",
                                "192.168.1.2"
                        ]
                },
                "AccessiblePrintDeployTLSPort": {
                        "title": "Print Deploy server TLS port",
                        "description": "The port number of Print Deploy server to connect to when using HTTPS",
                        "type": "integer",
                        "examples": [
                                9174,
                                443
                        ]
                },
                "StrictSSLCheckingEnabled":{
                        "description": "If set to true, all communications performed by Print Deploy will be enforced to use HTTPS.",
                        "type": "boolean"
                }
        }
}
