[
	{
		"id": 1,
		"priority": 1,
		"action": {
			"type": "redirect",
			"redirect": {
				"regexSubstitution": "https://www.zotero.org/styles/#importConfirm=\\1"
			}
		},
		"condition": {
			"regexFilter": "^https://www\\.zotero\\.org/styles/([^#?]+)$",
			"resourceTypes": ["main_frame"]
		}
	},
	{
		"id": 2,
		"priority": 1,
		"action": {
			"type": "redirect",
			"redirect": {
				"regexSubstitution": "https://github.com/\\1/blob/\\2#importConfirm"
			}
		},
		"condition": {
			"regexFilter": "^https://raw\\.githubusercontent\\.com/([^/]*/[^/]*)/([^/]*/[^#?]+.csl)$",
			"resourceTypes": ["main_frame"]
		}
	},
	{
		"id": 3,
		"priority": 1,
		"action": {
			"type": "redirect",
			"redirect": {
				"regexSubstitution": "https://gitee.com/\\1/blob/\\2#importConfirm"
			}
		},
		"condition": {
			"regexFilter": "^https://gitee\\.com/([^/]+/[^/]+)/raw/(.+\\.csl)$",
			"resourceTypes": ["main_frame"]
		}
	}
]